gender,past_3_years_bike_related_purchases,job_title,job_industry_category,wealth_segment,deceased_indicator,owns_car,tenure,postcode,property_valuation,age
0,93,71,3,2,0,1,10,7,9,48
1,81,19,2,2,0,1,15,109,9,21
0,97,38,0,0,0,1,7,14,11,29
1,58,106,5,2,0,0,7,719,3,7
1,38,58,2,1,0,1,7,559,5,47
0,85,1,2,0,0,0,5,318,7,19
1,91,96,5,2,0,0,0,224,8,1
0,76,77,5,1,0,0,0,170,8,1
1,72,129,5,2,0,0,10,229,7,21
1,74,141,5,0,0,1,15,299,6,21
0,55,135,0,2,0,1,14,109,9,24
1,72,12,2,2,0,1,20,698,2,25
0,12,63,2,2,0,1,15,740,4,23
1,37,140,3,2,0,1,11,494,6,23
1,5,151,3,0,0,1,20,755,3,28
0,62,143,5,2,0,0,18,628,6,33
0,3,166,8,1,0,1,13,94,11,39
0,17,97,5,0,0,0,3,315,8,7
2,59,97,4,0,0,0,19,591,7,24
0,40,94,3,1,0,1,15,637,5,38
0,46,153,3,1,0,0,15,738,0,16
0,37,147,2,0,0,0,19,743,3,46
1,5,23,1,2,0,0,21,150,9,23
0,91,116,5,0,0,0,13,145,7,20
1,64,74,3,2,0,0,15,513,8,26
0,24,8,5,2,0,0,17,581,9,25
0,38,62,7,2,0,0,4,597,7,19
1,63,23,1,0,0,1,16,731,1,20
1,64,150,2,2,0,0,7,244,2,26
1,51,134,3,0,0,0,1,205,3,9
1,38,1,5,2,0,1,15,34,9,21
1,68,46,7,2,0,0,17,704,4,42
0,22,160,2,2,0,0,15,690,2,48
0,2,145,6,2,0,1,17,99,7,35
1,48,115,2,0,0,1,6,18,9,45
1,44,186,6,2,0,1,3,90,9,5
0,26,112,2,0,0,1,16,121,8,34
0,47,87,6,1,0,0,12,322,6,42
0,58,151,7,2,0,1,15,307,8,36
1,73,97,4,1,0,0,3,550,7,24
1,21,94,2,0,0,1,14,109,9,26
1,46,1,0,1,0,0,0,154,9,0
1,67,192,7,2,0,0,17,167,9,41
1,78,115,2,0,0,0,7,48,11,9
1,30,139,0,0,0,1,11,151,9,17
1,93,19,5,0,0,1,15,659,5,30
0,28,184,6,2,0,0,18,315,7,23
0,20,170,7,1,0,1,17,664,8,24
1,79,29,2,2,0,0,6,652,4,12
1,37,38,0,0,0,0,7,109,8,17
0,76,1,5,2,0,0,17,51,9,33
1,11,50,1,2,0,0,12,532,0,24
0,93,161,6,1,0,0,18,589,7,36
1,97,95,4,2,0,1,17,142,11,35
1,75,109,3,1,0,1,6,53,10,13
1,78,63,2,2,0,0,7,27,11,28
0,41,87,6,1,0,1,6,47,11,36
1,74,163,3,2,0,1,13,71,10,35
1,76,130,5,2,0,0,10,170,9,17
1,69,150,2,0,0,1,16,121,8,47
0,98,133,3,2,0,0,11,431,9,21
1,63,129,7,2,0,1,9,396,9,25
1,33,41,5,2,0,0,20,331,6,27
0,67,157,5,0,0,1,7,431,9,41
1,33,106,5,2,0,0,14,88,10,33
1,16,43,2,2,0,1,9,323,7,22
0,19,144,3,2,0,0,6,147,9,46
1,97,182,2,2,0,0,2,115,8,3
1,80,76,2,2,0,1,3,43,11,33
1,83,108,5,1,0,0,10,106,9,26
1,51,130,5,0,0,0,15,123,8,45
0,49,119,2,0,0,1,3,33,11,5
0,40,27,3,2,0,1,8,653,9,23
0,25,133,5,2,0,0,0,111,9,0
1,54,161,3,1,0,1,17,257,8,35
0,97,108,2,2,0,1,8,68,11,11
0,88,100,7,1,0,0,11,486,10,26
0,10,180,1,0,0,0,7,124,8,16
1,77,1,3,2,0,0,17,572,0,20
1,49,24,5,0,0,1,1,123,7,3
0,75,100,5,2,0,0,14,674,5,20
1,80,97,2,1,0,1,3,247,1,23
1,82,82,5,2,0,0,14,69,8,44
1,87,130,2,2,0,1,11,750,1,23
0,85,21,2,1,0,0,14,256,7,13
0,27,16,3,1,0,1,4,400,7,6
0,94,46,6,2,0,0,15,151,9,42
1,53,19,3,2,0,1,2,709,3,9
0,81,44,2,2,0,0,18,697,0,27
1,73,177,6,2,0,1,11,235,4,24
1,64,72,2,1,0,1,18,99,8,16
1,32,39,5,2,0,0,0,143,6,4
0,57,19,7,1,0,0,7,641,2,37
0,5,187,5,2,0,1,8,102,7,38
1,12,182,2,2,0,1,15,741,0,24
0,34,97,8,0,0,1,4,113,10,4
0,18,95,4,2,0,0,2,485,5,27
1,46,148,5,1,0,1,6,655,2,28
1,27,111,6,1,0,0,9,78,9,14
1,5,132,2,0,0,1,12,22,8,16
1,1,114,8,0,0,0,3,696,0,37
1,9,123,5,2,0,0,1,473,8,7
1,67,180,2,1,0,1,9,69,10,47
1,57,131,3,0,0,0,16,387,8,34
1,19,114,0,2,0,1,10,596,5,44
1,33,1,2,2,0,0,3,186,4,4
1,34,130,5,2,0,0,7,156,10,17
0,32,20,3,2,0,1,9,43,10,28
0,41,140,3,2,0,1,0,710,6,7
1,6,49,2,0,0,0,16,211,6,18
1,36,100,5,2,0,1,12,317,8,37
0,5,44,2,2,0,0,15,47,11,21
0,73,23,1,2,0,1,11,308,7,24
1,4,131,5,2,0,0,9,15,9,16
0,23,49,2,2,0,1,10,478,10,22
1,97,72,2,0,0,0,15,365,7,27
1,90,140,3,0,0,0,12,170,9,14
1,5,134,3,2,0,0,17,110,10,37
1,90,108,4,2,0,0,14,84,9,22
0,58,98,1,1,0,1,13,358,9,25
0,55,149,7,0,0,1,0,625,3,2
1,61,19,0,2,0,1,11,21,9,18
1,54,173,5,0,0,0,5,681,3,46
1,20,50,8,1,0,1,4,81,8,44
1,80,117,3,1,0,0,20,386,7,26
0,62,22,5,2,0,0,9,70,10,31
1,54,63,5,0,0,1,5,548,3,13
0,99,76,3,0,0,0,0,323,7,5
0,93,74,3,2,0,0,11,105,8,12
1,36,131,5,0,0,0,4,441,10,26
1,39,6,6,2,0,0,9,12,7,10
0,25,120,2,1,0,0,3,212,4,12
1,23,70,5,1,0,1,5,182,8,35
0,16,189,0,0,0,0,13,631,7,30
0,49,149,5,2,0,0,8,542,0,19
1,99,145,2,0,0,1,6,681,3,9
0,7,80,7,0,0,0,2,52,9,4
1,40,100,5,1,0,1,6,349,0,30
0,46,159,2,2,0,0,2,721,6,27
0,54,142,6,1,0,1,12,157,10,26
1,73,141,2,0,0,0,9,370,3,20
0,42,134,3,0,0,0,9,172,8,23
0,2,96,3,2,0,1,7,481,5,23
1,13,133,5,2,0,1,11,691,6,37
0,4,193,2,0,0,0,9,732,4,27
0,34,129,5,2,0,0,5,440,8,43
1,90,122,5,1,0,0,5,308,7,36
0,82,23,1,2,0,0,15,361,6,20
0,61,96,3,2,0,1,20,97,7,24
1,7,118,6,0,0,1,18,591,1,45
1,45,56,5,2,0,1,10,170,8,36
0,38,98,1,0,0,1,15,746,4,38
1,71,151,0,2,0,1,10,58,10,38
1,56,63,2,2,0,0,4,407,9,25
1,18,16,2,2,0,1,5,459,8,43
1,57,112,6,1,0,0,4,619,6,7
1,50,22,6,2,0,0,17,447,8,38
0,6,183,5,2,0,1,4,114,9,28
0,21,57,4,0,0,0,0,704,3,0
1,13,14,2,1,0,1,5,730,3,5
1,82,74,3,2,0,0,5,670,8,44
0,37,24,7,1,0,1,17,594,2,27
0,12,131,2,1,0,1,6,109,9,7
0,37,19,6,1,0,1,7,6,7,8
1,9,53,3,2,0,0,6,330,7,37
0,79,64,5,1,0,0,8,354,7,47
0,14,179,5,2,0,0,13,319,7,22
1,89,42,3,2,0,0,15,6,10,23
1,2,44,2,0,0,0,16,76,11,34
0,84,117,3,0,0,0,12,279,8,25
1,96,54,5,2,0,0,19,258,6,24
1,99,6,1,2,0,0,17,253,8,28
0,59,176,5,1,0,0,11,147,6,15
0,74,95,6,1,0,0,10,53,10,47
1,48,56,2,2,0,1,2,163,9,6
0,94,120,7,2,0,0,11,102,8,14
1,34,70,6,2,0,0,12,254,9,15
0,71,40,7,1,0,0,11,25,9,32
0,30,153,3,2,0,0,14,9,7,25
1,79,140,3,0,0,0,13,543,1,47
1,18,0,6,1,0,1,10,12,10,28
1,62,134,3,0,0,0,2,714,2,9
1,49,17,4,1,0,1,14,259,8,12
1,94,131,1,2,0,0,19,644,6,14
1,17,107,6,0,0,0,7,140,8,10
0,94,180,5,1,0,1,13,172,7,25
0,6,25,2,0,0,0,0,528,0,0
0,63,181,5,1,0,0,8,681,4,11
0,62,165,2,1,0,1,12,184,3,18
0,76,42,3,0,0,1,11,73,9,24
1,65,130,4,1,0,0,8,142,10,9
1,53,97,3,2,0,1,12,28,9,14
0,88,186,2,0,0,1,9,310,7,24
0,39,0,6,2,0,1,12,196,6,19
0,82,74,3,2,0,1,0,215,6,4
0,98,94,7,2,0,0,13,534,0,40
0,2,57,4,2,0,0,4,516,1,48
0,16,62,3,1,0,1,20,187,6,26
0,70,145,5,0,0,1,18,207,4,36
0,24,19,5,1,0,0,8,206,5,9
0,70,148,3,1,0,1,2,203,5,18
0,47,151,3,1,0,1,21,732,1,22
0,89,55,3,1,0,0,6,42,8,16
1,31,181,3,2,0,0,10,127,9,24
1,74,146,7,1,0,1,17,480,8,36
0,69,1,7,0,0,0,17,4,9,12
0,60,39,5,2,0,0,9,312,8,23
1,55,108,6,2,0,1,8,560,6,47
0,51,72,2,2,0,0,3,739,1,11
0,22,119,7,2,0,1,0,43,11,14
0,66,153,3,2,0,1,13,487,7,25
1,7,186,3,1,0,0,12,120,3,46
0,0,187,5,2,0,0,10,25,10,20
0,51,49,2,1,0,1,7,335,5,29
1,82,185,0,1,0,1,10,662,4,12
0,34,22,7,2,0,0,1,709,5,11
1,38,73,2,1,0,1,8,21,10,16
0,3,43,5,2,0,0,11,82,11,24
1,99,11,5,0,0,1,10,717,6,12
0,41,106,5,0,0,0,3,322,7,16
0,43,42,3,1,0,0,9,14,8,32
0,63,23,1,2,0,0,3,567,4,30
1,80,17,5,2,0,1,19,339,1,12
0,33,64,5,1,0,0,15,567,6,43
1,69,65,5,1,0,0,8,368,7,45
0,80,34,2,2,0,1,6,126,8,45
1,88,42,3,2,0,0,8,484,8,45
0,54,61,5,1,0,0,18,203,6,21
0,59,24,0,2,0,1,13,256,8,27
1,36,183,5,2,0,1,14,24,10,33
0,1,73,2,2,0,0,10,308,3,28
1,19,134,3,1,0,0,17,369,2,28
1,55,42,3,0,0,1,11,447,8,17
1,2,51,4,1,0,0,3,511,4,19
0,53,42,3,2,0,1,20,469,6,27
0,0,0,2,2,0,1,17,234,8,17
0,86,95,3,1,0,0,11,164,9,44
1,44,57,2,0,0,1,5,153,9,44
1,70,114,5,2,0,1,12,558,7,14
0,27,99,7,1,0,1,4,391,2,39
0,67,40,5,0,0,0,11,482,9,44
0,72,69,5,2,0,1,9,391,6,25
0,26,27,1,2,0,1,13,169,9,28
0,21,127,7,0,0,1,17,221,1,32
1,19,134,3,2,0,0,3,734,1,5
0,19,139,2,2,0,1,10,690,5,25
0,54,148,3,2,0,1,6,661,8,28
1,97,45,4,2,0,1,14,160,8,15
0,98,45,2,0,0,1,16,633,7,30
0,74,87,2,2,0,0,5,255,9,22
0,10,56,3,2,0,0,11,665,7,33
0,87,148,5,2,0,0,11,523,7,11
1,25,5,1,1,0,1,11,510,3,17
1,78,133,5,1,0,1,6,141,8,42
1,87,57,3,2,0,1,2,61,7,3
0,23,134,3,1,0,0,13,674,7,23
0,25,145,2,0,0,1,7,664,4,36
0,71,72,2,0,0,1,2,517,1,2
0,67,172,0,1,0,1,11,416,9,22
0,56,93,3,2,0,0,11,321,7,22
1,10,75,2,2,0,0,4,317,7,25
1,40,128,3,1,0,0,1,28,9,14
0,76,132,6,0,0,0,12,89,10,44
0,74,152,3,1,0,1,16,173,8,13
1,68,73,2,2,0,0,2,111,9,21
1,50,100,2,2,0,0,8,109,8,36
1,20,24,7,2,0,1,8,325,9,21
0,35,48,5,1,0,0,3,427,10,21
0,47,42,3,2,0,1,8,409,8,24
1,69,117,3,2,0,1,1,429,9,2
1,12,146,7,2,0,0,3,690,5,22
0,87,97,6,2,0,0,8,339,4,21
0,97,52,7,2,0,1,2,134,7,22
0,10,98,1,1,0,0,4,610,2,27
0,2,97,5,0,0,1,5,205,3,43
0,64,168,6,2,0,1,18,264,6,46
0,59,158,3,2,0,1,1,53,10,3
0,47,158,2,1,0,1,17,215,6,27
0,82,129,7,2,0,1,6,44,11,14
0,96,53,2,0,0,0,10,668,8,25
0,98,185,6,1,0,0,14,599,4,25
0,7,98,1,1,0,0,18,68,9,48
0,93,126,5,2,0,1,11,130,11,17
1,19,14,2,2,0,1,8,428,9,10
1,7,177,2,2,0,0,6,492,3,47
0,19,82,6,0,0,1,3,414,7,14
0,95,173,3,1,0,1,0,581,8,1
1,81,150,2,2,0,1,7,455,9,10
1,13,27,5,2,0,1,6,121,8,25
0,60,72,2,2,0,1,18,584,6,35
1,65,168,0,2,0,0,0,181,4,2
0,98,148,7,2,0,0,16,141,8,27
0,66,174,6,2,0,0,16,731,0,45
1,68,140,3,2,0,1,6,117,4,16
1,69,129,3,1,0,0,8,124,8,35
0,63,151,0,2,0,0,4,310,7,11
1,34,19,2,2,0,0,21,101,9,25
0,97,87,1,0,0,1,16,34,8,27
1,83,122,3,0,0,0,2,71,9,4
1,38,141,6,2,0,0,12,501,7,23
1,35,25,5,2,0,1,8,102,9,47
0,70,97,3,1,0,1,15,187,4,24
1,28,50,7,1,0,1,8,525,6,25
0,98,177,8,1,0,1,15,54,10,35
0,86,115,2,0,0,1,4,635,6,20
1,26,67,5,0,0,1,15,684,2,25
0,86,73,2,2,0,0,4,480,10,39
0,56,24,7,2,0,0,14,288,4,15
1,9,57,7,0,0,0,21,340,0,24
1,92,78,2,0,0,1,3,267,3,6
0,58,73,2,1,0,0,11,297,0,14
1,79,150,2,0,0,0,10,431,9,10
0,84,71,3,2,0,1,12,44,8,24
0,84,62,2,1,0,0,11,311,7,25
1,12,153,3,1,0,0,9,281,7,25
0,20,150,2,0,0,1,17,124,8,46
0,37,33,0,2,0,0,14,405,7,31
0,34,183,5,0,0,0,16,672,7,21
1,93,87,1,1,0,0,6,470,6,43
0,26,146,7,2,0,1,1,211,2,3
1,77,140,3,1,0,0,8,445,10,24
0,60,146,7,2,0,1,19,273,2,48
0,10,106,5,0,0,0,7,376,7,29
1,77,23,1,2,0,1,1,43,10,5
0,0,174,3,1,0,1,13,43,9,24
0,7,43,4,1,0,1,20,215,2,23
0,46,115,2,1,0,1,10,660,6,29
1,8,140,3,0,0,1,17,654,6,46
1,83,106,5,0,0,1,9,43,9,12
1,94,170,6,0,0,0,14,486,1,38
1,5,75,8,2,0,0,0,46,11,2
1,75,95,4,2,0,0,17,58,9,44
1,24,177,5,0,0,1,16,391,6,25
1,25,95,6,1,0,1,12,400,3,12
0,46,38,8,2,0,0,9,175,5,24
0,74,21,4,2,0,0,10,176,7,28
0,32,168,5,2,0,1,7,115,5,35
1,91,71,2,2,0,0,4,353,4,17
0,73,179,4,0,0,1,3,154,8,23
0,98,88,0,2,0,1,0,151,9,0
0,34,157,4,1,0,0,2,309,9,7
0,74,184,5,1,0,1,5,280,6,27
0,5,173,1,2,0,1,17,68,9,27
0,22,0,6,2,0,1,4,357,7,42
1,97,41,5,2,0,1,4,170,9,10
1,47,26,5,0,0,1,16,102,6,26
0,70,133,2,1,0,1,16,317,8,21
1,57,5,5,0,0,1,17,424,7,33
0,88,41,5,2,0,1,12,757,4,15
0,0,64,5,0,0,1,15,509,1,16
0,19,153,3,2,0,1,13,83,9,22
0,9,147,2,2,0,1,19,318,6,40
0,54,60,2,0,0,1,13,327,4,26
1,51,89,6,0,0,0,14,37,8,48
0,11,159,6,1,0,1,7,387,8,28
1,91,14,2,1,0,1,2,52,11,5
1,22,95,7,2,0,0,0,85,10,0
0,82,75,2,0,0,0,13,568,7,46
0,38,95,2,2,0,1,7,104,8,11
1,2,96,3,2,0,1,19,421,8,25
0,86,81,1,0,0,0,17,280,8,19
1,0,106,5,0,0,0,0,355,9,5
0,32,103,2,1,0,1,12,138,8,41
0,68,128,0,2,0,0,7,111,8,12
1,35,146,7,0,0,0,8,453,8,28
1,64,128,5,2,0,0,21,26,8,28
0,23,171,5,1,0,0,19,224,2,27
0,0,181,5,0,0,1,14,438,6,46
0,70,74,3,2,0,0,9,466,8,22
0,24,87,6,2,0,1,9,533,1,21
0,18,149,7,2,0,1,3,530,3,30
0,44,70,0,2,0,0,5,396,10,9
1,45,163,6,0,0,1,18,554,9,26
1,54,70,2,2,0,0,20,351,8,25
0,83,64,5,2,0,1,4,674,9,41
1,33,56,5,2,0,0,8,16,9,26
1,91,182,2,2,0,1,5,472,8,43
0,25,66,2,0,0,1,10,6,8,26
0,58,186,5,1,0,1,9,232,2,23
1,39,36,2,0,0,0,18,440,6,41
1,19,133,7,0,0,1,9,575,6,10
0,39,180,5,2,0,0,17,735,2,31
1,87,55,3,0,0,1,9,92,9,12
1,93,70,5,1,0,1,6,401,6,7
0,43,84,7,2,0,0,20,576,9,17
0,94,129,6,2,0,1,10,249,8,31
1,64,59,2,0,0,1,20,634,5,22
0,92,55,3,1,0,0,9,224,2,19
1,76,182,2,2,0,0,5,450,7,47
1,9,25,2,2,0,1,3,447,9,5
0,55,87,4,1,0,0,7,16,11,12
1,23,70,2,2,0,0,19,170,7,44
0,73,40,6,2,0,1,2,17,10,16
1,60,54,7,2,0,1,9,659,7,11
0,66,185,2,0,0,1,14,149,8,37
0,29,87,3,1,0,0,15,277,7,23
0,44,150,2,0,0,1,15,36,9,27
0,16,107,7,2,0,0,10,545,4,39
1,64,39,5,2,0,1,8,508,1,22
0,81,185,2,2,0,1,8,177,7,11
0,10,134,3,2,0,0,3,286,9,22
1,18,114,7,0,0,1,9,115,8,12
1,2,132,5,2,0,0,14,419,9,27
0,94,147,2,1,0,0,0,102,6,8
0,25,43,2,0,0,0,18,651,4,41
1,40,53,7,2,0,0,10,12,6,20
0,64,133,5,0,0,0,15,102,6,43
0,16,174,1,1,0,0,6,131,9,13
0,33,39,5,2,0,1,4,662,6,45
0,80,39,5,2,0,0,0,124,8,0
0,78,8,5,2,0,0,17,214,5,35
1,9,0,7,0,0,1,16,199,3,28
1,51,174,5,1,0,1,4,86,9,11
0,43,129,3,2,0,1,17,319,7,23
0,80,94,3,2,0,1,11,215,1,21
0,22,145,3,2,0,0,4,307,8,5
1,84,93,7,2,0,1,1,306,0,16
0,8,174,2,1,0,0,8,402,6,14
1,66,77,5,1,0,1,19,311,8,23
0,62,152,0,0,0,1,6,121,6,22
0,33,82,3,2,0,1,6,20,8,46
1,99,96,6,2,0,0,3,533,3,31
0,39,116,7,1,0,1,15,81,9,14
0,1,153,3,0,0,0,7,517,0,48
1,25,11,4,2,0,1,18,740,4,27
0,7,114,7,1,0,0,6,318,8,18
1,30,41,5,2,0,1,15,43,7,42
0,66,175,2,1,0,1,8,167,11,23
1,32,186,5,2,0,0,12,706,7,44
1,30,20,4,2,0,0,9,293,1,26
1,14,184,2,2,0,1,14,162,9,23
0,30,23,1,2,0,0,5,424,9,44
1,0,42,3,1,0,1,4,356,9,34
1,95,147,2,2,0,0,19,77,11,12
1,64,182,2,1,0,1,10,147,10,45
1,98,132,7,2,0,1,6,74,9,24
0,89,156,3,2,0,0,11,69,9,27
1,83,44,2,2,0,1,13,187,6,26
0,32,48,2,2,0,1,15,190,8,32
1,97,134,3,2,0,0,3,197,6,16
0,10,179,5,0,0,1,18,195,9,6
0,66,117,3,2,0,1,9,656,3,24
0,63,40,5,2,0,0,3,269,8,3
1,43,134,3,2,0,1,18,488,7,35
1,15,23,1,2,0,0,10,293,0,38
1,76,44,2,2,0,1,0,110,10,6
0,85,24,3,2,0,1,10,25,10,13
1,16,38,1,0,0,0,15,92,10,27
1,73,186,5,2,0,0,1,681,7,9
1,72,183,2,2,0,0,21,684,3,28
0,9,132,6,0,0,0,12,686,1,33
0,6,132,5,2,0,0,5,434,6,47
1,25,72,2,1,0,0,11,53,11,34
1,65,107,0,2,0,1,7,105,7,27
1,56,151,7,1,0,1,3,269,10,9
0,28,99,2,0,0,0,10,681,4,15
0,72,87,4,0,0,0,2,311,7,4
1,13,64,5,2,0,1,4,319,7,30
0,62,39,5,2,0,1,1,279,7,12
0,55,55,3,2,0,0,14,29,10,25
0,55,10,7,1,0,1,11,705,5,22
0,32,46,3,2,0,0,0,127,8,1
1,45,88,2,2,0,1,14,25,5,44
1,58,88,5,2,0,1,15,717,7,15
1,50,75,3,2,0,0,13,60,10,40
0,4,21,6,1,0,0,16,150,8,12
0,93,89,6,2,0,0,18,631,8,45
0,81,62,6,2,0,0,14,618,6,41
1,17,64,5,0,0,1,17,587,6,40
1,39,163,6,2,0,0,19,44,8,24
0,54,73,2,2,0,1,4,626,2,29
1,52,84,6,1,0,0,3,600,2,14
1,44,136,5,2,0,1,12,123,7,26
0,33,23,1,1,0,1,6,628,6,27
1,12,77,5,2,0,0,1,655,6,9
0,14,14,2,2,0,0,12,641,3,20
1,29,39,5,1,0,0,5,752,0,41
1,90,171,6,0,0,1,16,109,9,15
0,33,45,3,0,0,0,16,402,7,35
1,67,76,3,2,0,0,0,367,7,4
0,35,163,5,2,0,0,14,209,2,24
0,60,83,3,1,0,0,12,317,7,25
1,51,106,5,2,0,0,15,105,6,27
1,12,98,1,1,0,1,9,142,8,26
1,86,10,5,0,0,0,2,509,5,27
1,9,29,6,2,0,0,11,669,7,29
0,48,23,1,2,0,1,9,354,3,19
1,59,19,3,0,0,0,1,222,0,2
0,3,93,5,0,0,0,12,533,1,28
1,61,22,7,2,0,1,9,460,8,45
1,86,7,2,2,0,1,8,717,6,23
0,23,97,2,2,0,1,9,275,7,27
1,81,22,3,2,0,0,12,278,6,24
0,76,179,3,0,0,0,12,24,11,28
0,62,168,2,1,0,1,0,573,2,5
1,68,82,2,0,0,1,18,258,3,34
0,2,19,5,0,0,0,4,121,7,8
1,64,76,5,0,0,1,18,564,7,27
0,80,28,5,1,0,1,7,371,4,23
1,66,142,5,0,0,0,9,742,6,9
1,38,179,5,0,0,1,7,365,8,49
0,82,77,5,1,0,0,5,281,9,6
0,35,145,4,1,0,0,13,287,6,13
0,41,39,5,2,0,1,4,407,8,34
1,27,186,6,0,0,1,2,139,8,4
1,38,140,3,1,0,0,3,757,4,7
0,82,153,3,1,0,1,14,587,7,18
0,62,116,5,1,0,1,2,93,11,8
0,61,96,3,2,0,0,6,44,8,35
0,75,38,7,0,0,0,7,740,1,9
1,53,20,7,1,0,0,11,336,0,25
1,35,186,3,2,0,1,3,196,6,26
0,37,15,2,2,0,1,16,35,11,25
1,59,147,2,2,0,0,4,153,9,4
0,57,11,4,1,0,0,1,691,6,6
0,29,134,3,2,0,0,11,274,8,27
0,55,184,5,2,0,1,16,104,8,23
1,53,86,3,0,0,1,6,272,7,31
1,88,57,2,2,0,0,13,321,8,14
0,60,75,0,1,0,1,4,245,8,47
1,25,71,7,1,0,1,4,50,11,43
1,90,96,3,1,0,0,8,449,7,33
1,91,148,1,1,0,1,15,412,9,35
1,42,54,6,2,0,0,6,115,8,14
0,66,104,3,2,0,0,12,8,7,33
1,36,66,3,1,0,0,10,307,7,24
1,25,69,1,2,0,0,9,665,6,15
0,90,93,5,1,0,1,0,562,6,5
0,16,5,4,0,0,1,15,327,5,29
1,18,74,3,2,0,1,7,722,4,45
0,49,140,3,2,0,0,3,282,10,3
1,48,131,7,1,0,0,13,170,9,38
1,44,105,2,1,0,1,4,527,0,12
0,31,142,4,2,0,1,9,531,2,15
0,83,8,2,2,0,1,4,433,8,22
1,76,146,7,1,0,1,12,313,7,32
0,31,153,3,2,0,0,10,196,6,22
1,65,184,5,2,0,1,10,280,8,25
0,38,65,5,2,0,1,6,668,10,24
1,2,19,7,2,0,0,13,728,0,48
1,67,133,7,0,0,0,5,16,9,51
1,69,100,4,2,0,0,4,331,8,46
0,41,74,3,2,0,1,5,139,8,38
1,7,20,2,2,0,1,3,131,7,26
1,61,56,3,1,0,1,18,671,7,36
0,69,94,3,2,0,1,9,323,7,24
1,98,149,5,2,0,0,2,531,2,23
1,60,182,2,2,0,1,7,522,5,45
0,30,20,3,0,0,0,10,445,8,28
0,71,14,2,2,0,0,4,110,10,35
1,34,127,7,0,0,0,10,102,9,21
1,33,22,2,2,0,1,10,189,6,37
1,36,149,5,2,0,0,7,478,10,37
1,55,148,5,2,0,0,14,71,8,36
1,89,182,2,2,0,1,12,20,9,21
1,54,82,5,0,0,1,13,421,10,24
0,51,183,2,1,0,0,6,127,8,21
1,47,69,0,2,0,0,18,395,11,29
1,42,21,7,0,0,1,6,179,7,7
0,41,38,2,0,0,0,0,82,9,0
1,13,163,2,1,0,0,11,629,2,40
0,82,74,3,0,1,1,5,290,2,32
0,15,150,2,2,0,0,13,573,3,22
1,31,147,2,2,0,0,3,267,3,8
0,65,48,5,2,0,1,15,549,6,27
1,91,70,2,2,0,0,17,598,7,24
1,89,42,3,1,0,0,12,164,9,39
1,12,103,3,0,0,1,3,191,8,24
0,95,48,5,0,0,0,11,100,4,14
1,40,70,2,2,0,1,21,684,0,25
1,70,35,5,1,0,0,10,105,7,46
0,5,194,0,0,0,1,20,317,8,28
1,65,20,4,2,0,0,11,106,7,40
0,10,154,4,1,0,1,12,424,9,18
0,12,43,1,2,0,0,3,280,6,3
0,79,114,5,1,0,0,0,470,7,3
1,66,13,5,0,0,0,3,690,3,19
1,30,73,2,1,0,0,19,756,3,21
1,2,115,2,1,0,0,3,102,8,9
1,24,24,5,1,0,0,12,96,8,25
0,1,166,3,1,0,0,6,65,8,10
0,24,120,2,2,0,0,19,218,2,28
1,80,97,5,2,0,0,16,131,9,43
0,30,77,5,2,0,0,16,598,2,25
1,6,94,7,0,0,0,13,748,1,16
1,10,12,4,1,0,1,21,485,5,25
0,48,24,5,2,0,1,17,183,7,22
1,62,153,3,2,0,0,10,98,8,37
0,69,77,5,0,0,1,13,89,10,24
0,3,120,5,2,0,1,13,353,9,33
0,97,14,2,1,0,1,8,70,9,13
1,99,44,2,0,0,1,15,172,2,46
0,35,70,2,1,0,0,17,125,8,28
0,8,73,2,2,0,0,1,402,7,4
0,51,95,2,2,0,0,18,55,7,28
0,22,180,2,1,0,0,4,450,8,13
1,68,0,5,2,0,0,7,758,3,23
0,50,73,2,2,0,0,2,661,6,16
0,96,106,5,1,0,0,2,717,6,2
0,48,64,5,2,0,0,9,314,7,42
1,66,146,7,2,0,1,6,324,8,9
1,21,153,3,1,0,1,16,567,1,22
0,83,32,3,2,0,0,17,96,7,24
0,24,162,3,2,0,1,0,126,8,4
0,12,4,3,2,0,0,13,61,11,40
1,60,20,5,2,0,0,13,562,7,42
0,71,119,5,2,0,0,14,87,9,45
1,38,63,2,2,0,1,5,588,4,10
0,17,39,5,2,0,0,10,45,10,28
1,7,25,5,0,0,1,4,0,11,26
1,41,73,2,2,0,1,6,264,7,20
0,67,145,3,1,0,0,16,464,4,27
0,91,95,5,0,0,0,8,112,10,12
0,97,72,2,0,0,1,11,637,2,25
1,92,133,2,2,0,1,0,317,7,3
1,84,70,2,1,0,1,1,494,7,1
1,58,185,5,0,0,0,5,165,7,20
1,4,115,2,0,0,0,10,658,3,29
1,30,138,7,2,0,0,13,626,2,24
1,37,70,2,2,0,0,2,484,6,29
1,85,64,5,2,0,1,8,133,9,34
0,33,14,2,2,0,1,8,661,9,12
1,27,72,2,1,0,0,14,690,2,31
1,94,186,2,0,0,1,18,698,2,37
1,93,100,5,0,0,1,7,474,10,35
1,59,44,2,1,0,0,1,367,5,2
1,80,59,5,0,0,1,8,121,9,12
1,13,108,2,1,0,0,8,301,4,24
0,51,25,5,2,0,0,2,261,6,28
1,60,78,5,0,0,0,16,104,8,48
0,66,40,7,1,0,0,8,98,6,10
1,79,184,5,2,0,0,12,666,6,22
1,72,98,1,2,0,0,9,734,6,32
1,79,42,3,2,0,0,0,118,8,1
0,26,102,7,2,0,1,15,299,1,20
0,74,76,7,1,0,1,15,699,1,27
1,63,131,2,2,0,1,8,436,6,13
0,79,95,2,1,0,1,8,610,6,21
0,53,78,2,0,0,1,6,106,9,23
0,73,150,2,1,0,0,16,587,7,24
1,83,94,0,1,0,1,15,443,9,24
0,19,150,2,0,0,0,4,538,0,40
0,73,57,8,2,0,0,18,692,4,37
0,84,182,2,2,0,1,10,325,9,22
1,63,117,3,2,0,0,5,313,8,38
0,47,174,4,2,0,0,12,299,2,31
1,37,109,3,0,0,1,19,187,6,42
1,34,133,2,2,0,1,1,372,8,3
1,44,118,4,1,0,0,18,137,9,33
0,92,12,2,2,0,1,2,128,7,13
1,31,69,5,2,0,1,8,742,4,19
1,11,190,6,2,0,0,16,478,9,24
1,20,172,2,2,0,0,17,757,7,35
0,53,12,3,2,0,0,10,43,9,27
0,62,9,5,2,0,0,9,736,0,38
1,46,146,7,0,0,1,9,664,8,35
0,55,55,3,2,0,1,14,16,10,28
1,21,109,3,1,0,1,8,426,11,20
1,97,78,4,2,0,0,15,105,7,18
0,13,57,2,1,0,1,8,120,8,31
0,25,1,5,2,0,0,10,109,9,33
0,53,76,2,0,0,0,15,105,7,24
0,42,38,3,0,0,1,11,248,6,38
1,48,25,5,2,0,1,4,501,7,11
0,37,168,7,2,0,0,17,215,2,12
0,41,142,5,0,0,0,11,707,2,24
1,73,73,2,1,0,1,2,445,8,3
1,51,145,6,1,0,1,16,16,8,23
1,50,30,2,2,0,0,13,81,9,16
1,62,173,6,0,0,0,2,308,7,27
1,37,146,7,2,0,1,18,149,9,33
1,73,39,5,0,0,1,1,426,7,2
0,17,37,1,2,0,0,6,334,4,17
1,63,184,2,2,0,0,18,475,8,37
1,73,95,3,1,0,0,12,546,3,27
1,48,134,3,2,0,1,12,171,9,14
1,89,162,3,2,0,1,18,40,9,26
0,77,88,5,2,0,0,6,17,10,22
0,52,114,2,2,0,0,18,389,7,29
1,44,150,2,1,0,0,18,640,3,24
1,42,9,5,0,0,0,15,206,3,23
1,18,120,8,0,0,0,9,323,7,36
1,25,49,2,2,0,1,17,484,7,36
1,0,53,2,2,0,1,12,475,11,36
0,86,71,7,2,0,1,7,242,5,30
0,59,56,5,0,0,1,0,440,7,2
0,75,87,7,2,0,1,4,136,8,5
1,76,93,5,2,0,0,5,25,11,6
1,64,163,3,1,0,0,2,520,1,13
1,65,92,5,0,0,0,14,102,7,16
0,18,181,7,2,0,0,6,373,6,6
1,53,119,5,2,0,0,5,170,8,41
0,3,19,5,2,0,0,8,724,1,14
1,13,133,2,0,0,1,0,708,7,7
0,31,62,2,2,0,1,13,670,7,28
1,94,97,6,0,0,1,14,79,10,22
0,16,139,5,1,0,0,11,166,9,40
0,43,117,3,2,0,0,9,361,6,16
1,18,71,3,2,0,1,2,4,8,26
1,44,23,1,2,0,0,0,281,8,2
0,34,186,2,0,0,1,5,550,6,30
1,76,185,5,2,0,1,6,465,5,7
0,78,140,3,2,0,1,8,133,8,12
1,19,106,5,2,0,1,8,47,11,41
0,80,26,5,0,0,1,6,421,9,7
1,15,33,3,1,0,0,17,14,11,38
1,1,75,3,2,0,1,11,369,7,33
0,73,22,2,2,0,0,5,105,7,15
0,35,24,2,1,0,0,5,62,11,8
0,86,174,7,1,0,1,4,295,0,4
0,70,163,7,1,0,1,4,663,9,23
0,44,145,5,0,0,1,0,502,4,2
1,96,9,4,1,0,1,15,234,5,46
0,20,86,3,1,0,1,17,660,4,23
0,2,182,2,1,0,1,13,16,9,21
1,11,78,5,1,0,0,21,521,6,13
0,81,129,7,2,0,1,9,675,4,20
0,46,50,3,1,0,0,14,563,6,22
1,10,82,2,0,0,0,9,464,7,30
0,42,34,5,1,0,0,11,462,8,42
0,19,134,3,2,0,0,7,188,7,24
1,14,80,3,1,0,1,5,172,5,42
1,89,125,5,0,0,0,15,421,6,48
0,29,87,7,1,0,0,14,702,3,31
1,3,110,5,2,0,1,7,753,2,7
1,89,147,2,0,0,1,10,664,8,27
0,35,62,5,1,0,0,6,649,5,21
0,43,129,2,2,0,0,16,597,3,19
0,56,19,5,2,0,1,13,275,6,26
0,11,73,2,2,0,1,9,553,8,10
0,71,0,0,1,0,0,16,347,2,25
0,62,98,1,0,0,1,4,438,9,24
1,16,94,3,2,0,1,18,604,4,36
1,30,180,8,2,0,1,12,103,8,20
0,66,163,5,0,0,1,4,325,8,36
0,44,44,2,2,0,0,10,433,8,23
1,63,132,7,2,0,0,13,756,2,22
0,35,115,2,1,0,0,17,619,6,34
1,35,38,4,1,0,0,21,469,5,26
0,94,56,4,1,0,1,7,120,8,34
1,15,130,8,0,0,1,18,380,7,24
0,16,139,5,1,0,1,12,694,8,44
1,24,107,2,0,0,0,16,215,3,39
0,42,109,3,1,0,1,9,326,8,16
0,53,118,7,1,0,0,16,130,7,25
1,60,148,6,2,0,1,7,261,7,41
1,7,191,3,2,0,0,16,364,7,47
1,0,97,4,2,0,1,16,583,10,42
0,88,23,1,1,0,0,15,17,10,23
1,1,87,5,2,0,1,6,420,9,7
1,42,90,5,2,0,1,13,270,7,28
1,16,101,7,1,0,0,6,319,7,24
0,56,22,2,0,0,1,13,95,9,12
0,17,153,3,1,0,1,1,426,8,9
1,69,131,4,2,0,1,4,380,7,4
1,33,169,2,0,0,0,17,47,11,35
0,9,74,3,2,0,0,4,499,6,39
1,75,96,5,2,0,0,5,608,6,18
0,77,114,7,0,0,1,4,152,8,25
0,6,115,2,2,0,1,11,29,11,32
0,95,90,2,2,0,0,9,20,10,45
0,78,74,3,1,0,0,8,718,7,27
1,0,106,5,1,0,1,10,153,10,26
1,34,145,2,2,0,1,15,725,6,15
1,39,182,2,0,0,0,10,347,6,23
1,35,154,6,2,0,0,1,405,7,6
0,7,154,8,2,0,1,14,91,10,28
0,34,88,6,1,0,1,13,488,9,24
0,31,96,2,1,0,0,2,471,10,16
1,27,106,5,2,0,1,12,83,10,18
0,30,50,5,2,0,0,11,281,9,13
1,96,162,5,0,0,0,5,176,6,35
0,73,134,3,2,0,0,4,43,11,33
0,37,138,7,0,0,1,3,589,5,14
0,68,4,1,1,0,1,5,7,10,34
0,88,25,0,0,0,1,12,78,10,40
1,34,163,2,2,0,0,18,96,11,13
1,22,14,2,0,0,1,12,154,9,15
1,3,98,1,0,0,1,7,160,7,24
1,8,131,2,2,0,1,7,9,8,39
1,45,132,8,1,0,0,11,420,9,6
0,13,68,2,2,0,1,12,200,8,36
1,85,187,8,2,0,0,14,608,6,26
1,60,147,2,1,0,1,7,235,2,44
1,26,19,5,1,0,0,6,349,0,34
1,33,117,3,0,0,0,1,255,8,1
1,69,71,5,2,0,0,19,134,8,25
1,70,108,5,2,0,0,17,42,8,24
0,70,163,6,2,0,1,1,670,8,2
0,25,153,3,2,0,0,15,234,7,16
0,54,10,7,0,0,0,7,205,3,7
1,4,95,3,2,0,0,7,710,6,26
1,84,172,6,2,0,1,3,435,8,12
0,39,73,2,2,0,1,7,368,4,22
0,90,119,6,0,0,0,11,433,8,13
0,15,46,8,0,0,0,16,86,10,26
0,56,185,7,2,0,0,4,509,2,50
1,48,55,3,1,0,0,18,617,6,26
0,2,129,3,2,0,0,5,72,8,43
1,33,159,3,1,0,0,13,109,8,32
0,71,66,2,2,0,1,17,119,7,34
0,99,18,2,2,0,1,11,115,8,13
1,12,179,5,0,0,1,10,315,7,27
1,59,65,5,2,0,0,14,711,2,19
0,16,133,5,0,0,0,14,298,2,25
0,76,72,2,1,0,1,19,110,9,24
0,82,127,7,2,0,0,7,278,5,42
0,2,154,7,2,0,0,14,472,10,39
0,70,153,3,1,0,0,17,119,8,27
0,86,55,3,2,0,0,16,206,4,40
1,21,192,1,1,0,0,5,428,8,12
1,73,94,7,1,0,0,11,553,6,11
1,45,132,6,2,0,0,5,26,11,9
0,96,174,7,2,0,0,13,662,6,25
0,59,22,3,2,0,1,15,261,8,27
0,95,146,7,2,0,1,8,108,7,26
0,87,194,7,0,0,0,11,123,8,21
0,30,134,3,2,0,1,2,45,10,18
1,36,85,3,0,0,1,8,83,10,37
1,25,161,4,0,0,0,8,317,8,12
0,30,118,2,2,0,0,7,144,9,11
0,47,72,2,2,0,1,7,756,3,10
1,2,183,1,2,0,1,8,674,7,24
0,99,14,2,0,0,1,8,402,6,16
1,22,18,2,0,0,0,2,54,10,7
0,60,158,2,2,0,1,10,269,5,21
1,72,71,6,1,0,0,6,104,8,24
0,77,169,7,2,0,1,4,704,5,10
1,52,63,5,2,0,1,15,637,1,19
1,95,57,8,2,0,0,1,260,8,3
1,64,113,3,2,0,1,5,288,4,47
1,73,69,3,1,0,1,4,128,8,5
1,88,24,2,1,0,0,7,485,3,9
1,71,84,1,1,0,1,8,325,8,33
1,60,172,2,1,0,0,4,115,4,14
0,64,94,2,2,0,1,12,703,3,26
0,27,184,0,1,0,1,18,121,8,37
1,47,38,2,2,0,1,2,717,9,3
0,53,57,3,2,0,1,2,637,3,7
1,26,140,3,2,0,1,19,159,10,27
0,73,183,6,2,0,1,8,304,0,8
0,22,99,0,2,0,1,0,711,2,4
1,69,140,3,0,0,1,16,63,11,28
1,94,98,1,2,0,0,0,531,7,9
0,98,163,4,0,0,0,9,172,6,37
0,86,151,7,2,0,0,14,633,6,25
1,77,49,2,1,0,1,7,441,8,20
0,97,74,3,2,0,1,16,439,8,25
0,58,18,2,1,0,0,1,304,0,8
0,40,130,3,0,0,0,7,286,7,29
0,20,161,3,2,0,0,3,660,5,5
1,44,117,3,0,0,0,17,524,7,37
0,33,14,2,2,0,1,12,109,9,34
0,62,24,4,2,0,1,3,613,8,37
0,58,172,7,1,0,0,15,90,6,24
0,47,74,3,0,0,1,5,106,7,48
1,1,117,3,2,0,0,12,83,8,31
1,56,105,2,1,0,1,12,594,7,13
0,48,2,2,0,0,0,9,308,7,26
0,2,179,0,2,0,0,7,668,7,23
0,84,50,4,2,0,1,6,225,2,27
0,89,153,3,2,0,0,12,8,8,33
1,70,87,5,0,0,1,19,39,9,24
1,22,78,3,1,0,1,7,462,8,13
0,67,24,2,0,0,1,9,339,1,33
0,31,185,5,2,0,0,15,123,8,32
1,58,141,7,1,0,0,4,203,4,16
0,69,96,8,0,0,0,2,629,3,10
0,0,183,8,2,0,0,17,379,7,24
0,23,140,3,2,0,0,1,173,9,4
0,44,120,2,1,0,1,4,275,7,4
0,73,146,7,1,0,0,6,348,0,28
1,7,182,2,0,0,1,4,271,6,43
0,38,98,1,1,0,0,17,690,2,27
1,90,146,7,2,0,1,7,111,9,10
0,38,181,3,0,0,0,21,596,5,13
0,12,148,5,0,0,1,15,159,9,31
1,38,38,5,0,0,0,12,159,9,23
0,13,115,2,2,0,0,12,522,4,23
0,30,68,3,2,0,0,0,204,3,4
0,23,37,2,2,0,0,14,56,9,18
1,40,148,6,1,0,1,10,398,8,24
1,45,186,2,0,0,1,13,1,7,23
0,28,97,6,0,0,0,12,292,8,33
1,0,95,6,1,0,0,14,59,10,12
0,79,185,5,2,0,0,10,168,9,35
0,15,159,8,0,0,1,9,464,6,42
0,67,174,5,1,0,0,15,289,3,33
1,75,184,3,1,0,1,13,11,8,6
0,83,1,6,2,0,0,18,580,8,31
0,19,152,5,2,0,1,15,244,6,37
0,9,96,5,2,0,0,15,175,5,25
1,5,42,3,2,0,1,9,428,9,14
0,32,62,3,2,0,1,12,368,6,21
0,63,155,4,0,0,1,11,186,6,12
0,43,147,2,0,0,0,5,339,3,40
1,38,75,5,0,0,1,0,84,10,2
0,94,153,3,0,0,0,17,85,9,28
1,83,87,6,0,0,0,19,725,7,42
0,24,55,3,2,0,0,8,344,1,33
1,75,190,2,1,0,1,17,369,6,27
0,6,140,3,1,0,0,15,544,3,32
0,64,145,5,2,0,1,18,318,7,36
0,23,117,3,0,0,1,10,311,8,16
1,36,91,6,1,0,1,17,563,6,29
1,73,136,7,2,0,0,7,111,10,48
1,34,119,5,0,0,0,0,111,9,7
0,15,78,1,0,0,0,10,752,0,41
0,42,88,5,2,0,0,0,751,6,0
1,63,57,6,2,0,0,1,716,5,4
1,46,133,5,2,0,1,13,744,3,37
0,81,135,5,2,0,0,4,743,1,5
1,60,82,7,2,0,1,4,734,0,43
1,8,74,3,1,0,0,8,721,5,15
1,40,24,6,0,0,1,8,740,1,29
1,89,77,5,2,0,0,5,736,0,24
0,23,24,2,2,0,0,8,735,0,28
1,92,179,6,2,0,0,8,735,1,12
0,61,97,5,2,0,0,3,637,1,31
1,41,107,5,0,0,0,7,731,0,28
1,72,30,6,2,0,1,1,730,2,14
1,68,93,3,2,0,1,9,727,0,23
1,39,144,1,0,0,1,18,730,2,22
1,56,0,6,1,0,1,6,735,5,11
1,72,115,2,0,0,0,9,735,5,19
0,71,11,8,2,0,1,5,707,3,7
1,48,76,2,0,0,1,13,704,1,27
1,12,101,5,2,0,0,19,713,6,24
0,70,76,3,2,0,1,7,712,1,36
1,24,55,3,0,0,0,3,702,7,37
0,14,117,3,0,0,0,1,693,3,3
1,30,164,2,2,0,0,19,750,2,39
1,71,99,5,1,0,1,14,690,6,24
1,29,17,5,0,0,1,15,664,7,33
1,99,123,1,0,0,1,13,686,4,21
0,43,42,3,2,0,0,0,633,6,7
1,30,96,1,0,0,0,10,685,7,26
1,44,112,5,2,0,1,11,685,5,28
0,83,151,5,1,0,1,15,685,7,26
1,72,175,2,2,0,1,19,685,3,41
0,51,57,2,0,0,1,17,685,6,22
1,49,183,2,1,0,1,5,684,4,34
1,0,131,3,2,0,0,11,683,1,21
1,89,131,4,2,0,0,7,681,5,21
1,66,107,0,2,0,1,4,660,6,5
0,61,115,2,0,0,1,8,662,5,13
1,91,153,3,2,0,0,2,661,6,21
1,35,140,3,2,0,0,15,657,4,28
0,0,118,2,0,0,1,8,651,8,11
0,17,173,3,2,0,0,8,651,6,10
0,29,30,2,0,0,1,1,608,6,3
1,97,71,2,1,0,1,5,635,3,32
1,13,109,3,0,0,1,12,659,6,46
0,73,55,3,1,0,1,9,634,5,31
1,38,77,5,1,0,1,12,650,8,15
0,89,182,2,2,0,1,12,637,6,17
0,96,74,3,0,0,0,7,627,7,7
1,59,21,6,2,0,0,21,644,3,16
0,25,42,3,2,0,1,5,235,7,32
1,79,132,7,1,0,1,17,679,6,12
1,2,76,7,2,0,1,4,681,1,29
0,10,148,2,2,0,1,3,610,5,35
0,29,63,0,0,0,0,7,693,5,7
0,37,50,2,2,0,1,0,596,7,0
0,88,189,5,2,0,0,10,599,4,24
1,67,1,0,1,0,1,13,598,3,33
1,15,32,3,0,0,1,4,475,7,36
0,57,62,6,0,0,0,5,589,7,6
1,19,37,4,2,0,1,5,563,7,20
1,12,179,8,1,0,0,16,575,6,15
1,4,44,2,1,0,0,8,571,1,28
0,72,150,2,2,0,0,3,571,1,3
0,15,174,3,2,0,0,9,563,7,14
0,82,63,4,1,0,0,13,562,7,23
1,65,45,2,0,0,0,14,553,6,15
1,67,55,3,1,0,0,4,481,7,22
0,20,179,5,2,0,0,3,547,3,6
1,94,152,5,2,0,0,11,544,0,41
1,9,18,8,2,0,0,18,537,3,31
0,14,87,5,2,0,1,13,537,1,24
1,83,64,5,0,0,0,0,446,9,4
1,10,168,7,2,0,1,7,363,6,44
1,53,64,5,1,0,0,17,484,6,47
0,1,42,3,2,0,1,10,528,0,22
0,0,21,2,0,0,0,1,525,3,1
1,37,185,6,2,0,0,0,525,3,1
1,69,140,3,1,0,0,5,519,0,8
1,8,55,3,1,0,0,5,511,2,8
0,54,88,7,2,0,0,5,510,4,9
1,41,56,5,2,0,1,14,509,4,31
1,56,120,5,0,0,0,18,507,3,37
0,20,1,5,0,0,1,14,498,4,29
1,7,25,2,2,0,0,17,496,4,40
1,99,96,5,2,0,0,20,496,5,24
1,97,139,3,2,0,0,2,496,4,10
1,10,48,7,0,0,0,21,650,8,27
0,63,95,7,2,0,0,17,500,6,28
0,51,41,5,2,0,1,5,485,5,7
0,44,48,6,2,0,0,17,485,5,15
0,39,56,7,2,0,1,12,571,0,42
1,44,47,5,0,0,0,16,483,7,21
1,36,20,2,0,0,0,17,450,7,23
1,89,70,3,2,0,1,17,458,4,36
1,86,101,7,2,0,1,1,459,9,12
0,63,97,2,2,0,1,6,452,8,12
0,99,73,2,2,0,0,2,556,8,3
1,79,68,5,0,0,1,14,450,7,17
1,27,50,5,1,0,1,19,449,7,12
0,81,154,4,0,0,0,7,589,5,44
0,48,130,5,2,0,0,1,630,6,3
0,39,49,2,2,0,0,15,437,9,44
0,71,88,7,2,0,1,11,433,8,34
0,33,39,5,2,0,1,3,569,5,24
1,86,95,2,2,0,0,6,367,7,29
0,74,10,7,1,0,1,0,405,6,2
0,62,99,7,1,0,0,11,413,8,25
0,28,93,2,2,0,0,0,550,5,2
1,20,49,2,2,0,0,17,552,3,14
1,29,97,5,2,0,1,13,390,4,23
0,11,129,5,2,0,0,16,381,5,35
0,84,168,5,2,0,0,14,380,8,34
0,51,148,5,0,0,1,6,668,3,19
1,58,24,8,2,0,0,0,418,7,0
0,18,79,7,2,0,0,15,369,6,21
1,78,39,5,2,0,1,13,362,7,44
0,52,184,5,1,0,1,10,360,3,44
1,3,49,2,1,0,1,16,382,5,31
0,43,173,5,2,0,1,8,357,9,21
1,14,55,3,1,0,0,3,349,0,4
0,10,100,7,1,0,1,5,346,4,5
0,24,134,3,2,0,1,4,175,6,7
0,47,16,2,2,0,0,2,349,0,4
0,57,88,7,2,0,1,9,321,7,22
0,68,71,6,1,0,1,2,328,7,3
0,80,152,4,0,0,1,20,311,4,25
1,5,118,2,2,0,1,3,324,8,35
0,14,55,3,2,0,0,10,324,7,42
0,74,149,6,2,0,0,19,322,9,46
1,31,106,5,0,0,1,15,326,9,30
0,51,129,5,2,0,0,18,320,8,42
1,56,109,3,1,0,1,13,307,8,27
1,20,76,7,1,0,1,10,319,6,15
0,72,72,2,2,0,0,16,319,7,45
1,14,69,2,1,0,0,7,319,8,8
0,93,146,7,1,0,0,0,318,7,3
1,94,97,3,2,0,1,11,333,1,21
0,86,30,5,2,0,1,2,317,7,2
1,29,145,2,0,0,1,16,311,8,26
1,70,179,0,1,0,1,1,317,7,3
0,15,0,4,2,0,0,19,315,7,43
1,42,169,6,1,0,0,8,315,10,28
1,96,156,8,0,0,1,18,315,7,34
1,35,64,5,0,0,0,19,331,8,27
0,27,153,3,2,0,1,13,310,7,26
1,97,75,7,2,0,0,18,110,9,36
0,19,93,2,1,0,1,11,310,8,36
1,97,116,3,2,0,0,7,206,4,27
0,57,188,4,0,0,0,17,294,3,29
1,51,65,5,2,0,0,16,545,1,15
1,29,41,5,2,0,0,3,293,0,5
1,40,184,6,2,0,0,19,176,7,13
0,23,169,5,0,0,0,5,288,1,38
0,32,96,0,2,0,1,15,280,8,25
1,99,143,7,2,0,0,19,280,7,46
1,54,45,3,1,0,0,12,280,7,24
1,4,118,0,2,0,1,2,280,8,23
0,2,155,6,0,0,0,7,275,6,9
1,97,84,6,2,0,1,5,275,3,37
1,40,5,8,0,0,0,10,275,5,45
1,89,152,5,2,0,0,3,281,7,3
1,92,94,2,1,0,1,12,145,8,28
1,16,182,2,2,0,1,0,704,5,6
1,53,40,6,1,0,1,17,274,8,37
0,53,101,2,2,0,1,4,267,4,31
0,62,49,2,1,0,1,1,264,7,4
0,37,72,2,2,0,0,21,258,8,24
1,77,72,2,0,0,1,13,226,9,44
1,62,147,2,1,0,1,7,262,7,6
0,3,69,2,2,0,0,16,249,8,38
1,54,173,3,2,0,1,20,234,4,15
1,41,133,7,0,0,1,6,227,5,16
1,40,185,2,1,0,0,8,215,1,9
1,25,88,0,2,0,0,20,710,5,24
0,93,150,2,0,0,0,13,212,2,25
1,29,64,5,2,0,0,11,224,7,22
0,55,151,8,2,0,1,13,179,9,30
1,50,74,3,2,0,1,5,183,7,32
1,14,77,5,2,0,0,9,208,3,23
1,17,180,3,2,0,0,3,188,8,8
0,36,49,2,2,0,1,5,203,5,32
0,96,152,3,2,0,1,3,186,4,4
0,51,66,0,1,0,0,21,187,4,14
0,4,118,3,1,0,1,7,175,4,12
0,22,93,4,0,0,0,2,177,8,3
0,70,99,7,1,0,0,13,173,7,28
1,88,56,5,2,0,1,10,177,7,28
0,74,1,6,2,0,1,13,170,8,28
0,52,56,2,0,0,1,10,234,3,12
1,98,50,6,0,0,1,12,149,9,27
1,90,133,2,2,0,0,2,166,11,8
1,80,42,3,0,0,1,10,169,9,15
1,94,14,2,2,0,0,17,160,9,43
1,97,95,2,2,0,0,3,171,9,11
1,80,77,5,2,0,1,1,149,9,11
1,6,186,4,0,0,0,18,148,9,34
1,90,114,4,0,0,0,11,148,9,14
1,66,144,6,0,0,0,17,145,7,31
1,35,18,8,1,0,1,0,176,7,0
1,49,38,2,0,0,1,21,280,9,6
1,57,115,2,2,0,0,6,127,8,7
1,78,119,2,2,0,1,16,140,7,42
0,7,19,2,2,0,1,15,318,7,26
0,43,53,2,1,0,0,4,140,7,35
1,50,63,5,2,0,1,18,116,5,37
1,23,39,5,2,0,0,1,342,0,4
0,0,104,2,1,0,1,4,102,7,15
1,89,117,3,2,0,1,8,324,7,26
0,20,17,2,2,0,1,12,124,8,36
0,27,182,2,2,0,1,9,120,7,29
0,59,153,3,0,0,1,7,280,9,24
0,74,89,5,2,0,0,3,123,8,3
1,80,49,2,0,0,1,2,28,11,5
0,28,154,2,0,0,1,14,317,8,22
1,23,98,1,2,0,0,9,105,7,32
1,74,117,3,1,0,1,11,128,7,13
0,53,101,6,2,0,1,18,110,10,40
0,7,174,0,2,0,1,12,111,8,47
1,56,74,3,2,0,1,11,111,9,23
1,75,55,3,0,0,1,10,111,9,38
1,34,25,3,2,0,1,14,481,9,24
0,22,44,2,2,0,1,7,109,9,45
0,3,122,4,2,0,1,11,109,9,15
0,37,45,1,0,0,0,16,53,11,26
1,80,139,1,2,0,1,7,325,9,13
0,68,18,7,1,0,0,6,105,7,45
1,83,22,7,0,0,0,2,325,7,7
1,60,179,3,1,0,0,14,105,7,39
1,30,193,5,2,0,1,5,104,8,16
1,64,163,2,2,0,0,5,325,8,26
1,14,94,2,0,0,0,1,321,9,10
1,47,82,5,2,0,1,13,99,8,27
1,39,5,6,2,0,0,8,760,3,10
0,42,80,7,2,0,0,15,54,9,38
1,71,146,7,1,0,1,10,89,9,48
1,95,71,0,2,0,0,16,188,8,40
0,78,39,5,2,0,1,8,87,10,21
0,70,166,1,2,0,0,16,51,11,6
1,19,42,3,2,0,1,21,86,10,21
1,51,133,2,1,0,1,15,89,11,44
0,48,187,6,2,0,1,3,86,11,7
0,82,56,7,2,0,0,16,109,10,13
1,77,183,2,2,0,0,19,85,8,16
0,87,26,5,1,0,0,9,83,10,25
0,40,57,2,0,0,1,16,72,9,24
1,23,25,7,1,0,0,4,675,2,20
0,26,132,0,2,0,0,12,173,5,28
1,32,112,6,2,0,0,3,72,10,24
0,93,97,5,2,0,0,8,105,8,10
1,87,117,3,2,0,1,4,70,9,41
0,47,118,5,1,0,0,14,84,10,16
1,17,161,1,0,0,1,11,56,9,15
1,24,19,4,1,0,1,6,89,10,19
1,83,93,3,2,0,1,3,329,8,12
0,8,22,7,2,0,0,13,641,4,36
1,4,114,5,2,0,1,13,51,11,25
0,69,179,4,2,0,0,16,43,11,22
1,62,93,6,2,0,0,6,71,9,20
0,15,150,2,1,0,1,10,482,8,26
1,2,49,2,1,0,1,7,59,11,32
1,93,108,7,0,0,0,13,161,9,25
0,20,150,2,1,0,0,1,670,8,16
0,45,57,5,0,0,0,0,280,8,9
1,68,120,7,2,0,0,14,331,8,23
1,89,131,5,0,0,1,19,670,8,13
0,39,99,7,2,0,1,14,566,4,14
1,64,120,6,2,0,1,2,35,10,5
1,93,61,3,1,0,1,12,177,8,30
1,70,43,2,1,0,1,21,228,3,15
1,75,103,7,1,0,1,18,759,3,46
0,97,44,2,0,0,0,9,666,7,23
0,10,153,3,2,0,0,21,91,7,27
0,29,161,1,1,0,1,1,505,0,4
1,18,44,2,2,0,1,5,157,7,21
1,20,94,6,2,0,1,9,321,7,24
0,82,182,2,2,0,0,13,724,4,23
1,44,98,1,0,0,0,15,445,8,40
1,46,182,2,2,0,0,13,698,4,27
0,63,120,5,2,0,0,15,302,0,17
1,11,163,2,0,0,0,0,711,1,5
1,43,64,5,1,0,1,2,589,6,16
0,16,101,6,1,0,1,13,670,3,37
0,20,62,5,0,0,0,11,97,10,31
0,36,144,2,2,0,0,6,473,10,30
0,65,39,5,1,0,1,4,243,7,21
1,78,170,5,1,0,0,5,124,8,33
1,55,163,2,2,0,1,9,359,3,9
1,29,43,2,2,0,0,13,483,3,29
1,97,176,5,0,0,1,2,63,9,19
1,57,163,3,2,0,0,9,31,8,32
0,39,150,2,2,0,1,0,75,11,7
0,22,182,2,2,0,0,7,482,9,20
1,6,40,6,2,0,0,6,172,7,39
0,9,187,8,2,0,1,3,44,9,5
0,53,114,5,1,0,1,6,593,9,20
0,67,120,4,1,0,1,8,539,0,13
1,38,64,5,0,0,1,12,452,10,19
1,59,40,2,2,0,1,6,721,7,24
1,11,47,2,2,0,0,4,321,8,25
0,17,146,7,2,0,1,4,334,6,8
0,75,154,6,1,0,1,12,61,11,12
1,85,95,7,0,0,0,14,480,9,22
0,21,18,3,0,0,0,9,72,10,22
0,40,64,5,1,0,0,10,589,2,46
0,68,185,6,1,0,1,8,111,9,24
1,11,39,5,0,0,1,8,732,1,26
1,48,131,8,2,0,0,10,177,6,24
1,67,77,5,1,0,0,17,16,11,47
0,75,72,2,2,0,0,7,65,10,36
1,74,182,2,1,0,1,20,111,10,24
0,30,188,7,2,0,0,18,9,10,23
0,69,1,6,2,0,1,13,427,10,45
0,21,56,4,0,0,1,8,154,10,39
0,45,120,2,0,0,1,20,111,9,23
0,97,41,5,1,0,0,19,20,9,24
1,76,65,5,0,0,1,13,395,11,46
1,63,94,3,2,0,0,12,172,7,27
0,56,63,3,0,0,1,15,167,11,43
0,92,126,3,2,0,1,12,41,10,26
0,5,57,6,2,0,1,3,46,9,3
0,93,174,5,0,0,1,5,441,11,42
0,96,70,5,2,0,0,5,660,4,22
0,32,36,4,2,0,0,7,586,8,30
1,95,5,0,2,0,1,15,46,9,21
1,48,130,2,2,0,1,3,731,1,6
1,6,74,3,0,0,1,15,50,9,13
0,85,151,3,2,0,1,16,409,8,35
1,79,6,3,0,0,0,3,670,8,36
1,48,98,1,1,0,0,1,109,9,10
0,44,109,3,2,0,1,11,60,10,33
1,33,106,5,2,0,1,7,113,9,43
0,28,64,5,1,0,1,13,691,5,32
1,14,140,3,2,0,0,16,325,8,46
0,14,119,8,2,0,1,2,588,5,11
1,96,21,4,1,0,0,11,495,2,39
0,1,139,2,2,0,1,8,660,4,22
1,18,49,2,1,0,0,6,624,7,8
0,39,100,6,1,0,0,19,110,9,13
1,36,74,3,0,0,0,5,149,9,27
0,49,86,3,1,0,0,16,66,11,47
0,63,55,3,1,0,1,6,523,6,25
0,89,180,7,1,0,1,20,459,8,13
0,80,152,6,1,0,1,3,212,4,3
1,41,193,1,2,0,1,11,281,8,13
0,42,148,8,0,0,0,4,86,10,15
1,96,41,5,2,0,0,5,487,7,23
0,13,120,2,1,0,1,3,126,8,8
1,71,105,2,1,0,0,17,397,7,28
0,96,165,2,2,0,1,12,376,10,15
0,82,151,2,1,0,0,13,750,3,21
1,52,49,2,2,0,0,3,189,3,38
0,28,23,1,1,0,1,3,96,11,3
0,80,96,5,1,0,1,15,206,6,22
0,41,96,2,1,0,0,10,141,9,28
1,43,23,1,1,0,0,5,167,11,23
1,41,115,2,0,0,0,21,327,7,24
0,37,101,0,1,0,0,6,109,9,14
0,29,150,2,2,0,0,19,62,9,16
0,26,85,3,1,0,1,18,649,4,43
1,95,57,0,2,0,1,9,380,7,23
1,10,25,2,1,0,0,19,185,4,15
0,88,43,7,2,0,1,10,720,3,24
1,7,109,3,2,0,0,7,730,1,35
1,83,25,4,0,0,0,3,644,3,3
0,21,148,6,0,0,1,12,632,7,25
1,39,66,0,1,0,1,13,565,8,17
1,20,154,1,2,0,0,6,301,3,47
1,18,76,2,1,0,0,2,177,8,7
1,80,62,5,0,0,1,7,724,2,20
0,41,108,2,1,0,0,11,662,7,30
0,37,40,2,2,0,1,5,681,3,46
1,58,114,4,1,0,0,5,596,3,40
1,46,136,2,0,0,0,13,618,4,15
1,83,132,5,2,0,1,9,605,7,45
1,14,95,1,2,0,1,15,88,11,42
0,6,184,3,1,0,1,0,96,10,4
0,38,179,6,2,0,0,19,34,10,15
0,16,15,0,2,0,1,5,336,1,30
1,52,33,2,1,0,0,14,19,11,32
0,68,55,3,1,0,0,14,428,7,36
0,96,97,5,2,0,1,13,124,8,27
0,49,136,3,2,0,1,17,375,8,23
0,96,26,5,0,0,1,6,515,5,7
0,28,158,5,0,0,1,18,666,2,43
1,36,125,5,1,0,0,12,70,11,28
0,1,77,5,2,0,1,13,634,4,27
1,98,73,2,1,0,1,13,325,9,17
1,48,44,2,2,0,1,17,102,6,23
0,73,14,2,0,0,0,2,444,10,6
1,77,6,2,0,0,0,9,737,0,23
0,47,146,7,0,0,0,0,83,10,7
1,55,94,0,0,0,0,4,438,6,5
1,47,117,3,0,0,1,8,5,5,35
0,37,75,5,2,0,1,5,8,8,7
1,23,42,3,2,0,0,18,380,7,41
0,70,17,0,1,0,1,10,93,8,40
1,2,71,7,1,0,1,12,544,0,25
0,79,5,2,1,0,1,9,222,4,37
0,44,20,6,2,0,0,8,34,11,15
1,90,37,3,0,0,0,0,104,9,8
0,20,50,4,0,0,1,18,594,5,27
1,19,14,2,2,0,1,1,369,6,12
0,53,19,6,2,0,0,7,760,4,33
1,40,95,5,0,0,0,6,6,11,24
0,79,57,5,1,0,1,7,50,8,32
0,46,64,5,1,0,1,0,567,5,1
0,30,71,0,1,0,0,10,139,8,46
1,48,97,5,0,0,0,20,610,6,25
0,3,106,5,2,0,0,6,647,8,29
0,91,119,6,0,0,0,3,173,7,39
0,90,35,2,2,0,0,11,236,2,25
1,98,94,7,1,0,0,16,67,8,36
0,67,126,3,2,0,1,18,179,6,41
1,98,77,5,1,0,0,15,103,8,42
0,20,42,3,0,0,0,13,104,8,42
0,45,181,5,2,0,0,0,605,8,0
0,33,190,7,0,0,0,16,121,4,13
0,23,159,0,2,0,1,18,0,7,48
0,64,23,1,2,0,1,10,355,7,35
0,26,82,1,2,0,1,7,415,11,7
1,12,156,4,0,0,0,4,326,9,6
1,89,194,1,1,0,1,14,270,8,30
0,12,143,5,0,0,1,4,381,5,42
1,82,185,2,2,0,1,16,489,4,35
1,33,39,5,1,0,1,6,84,10,41
0,92,146,7,0,0,1,17,705,3,24
0,65,96,5,0,0,0,13,604,6,14
1,98,154,5,1,0,0,11,82,7,16
1,58,153,3,2,0,0,14,539,2,24
0,53,123,5,2,0,1,11,734,2,37
1,67,14,2,1,0,1,18,673,2,35
1,84,62,2,1,0,1,10,689,3,24
1,48,72,2,0,0,1,0,3,9,8
0,54,140,3,2,0,1,12,92,10,46
1,9,0,5,2,0,1,18,317,7,28
0,14,38,2,0,0,1,11,441,10,37
0,60,95,1,1,0,1,4,644,7,14
1,22,168,0,1,0,1,19,107,9,24
1,63,17,0,0,0,0,1,48,10,6
1,89,9,2,2,0,0,7,172,7,25
1,34,76,2,2,0,0,5,88,11,24
0,4,149,5,0,0,0,6,468,9,23
0,68,71,5,2,0,0,5,300,0,24
1,22,94,5,2,0,0,8,241,2,25
1,4,31,5,1,0,0,6,111,8,23
0,22,139,5,0,0,0,17,368,5,24
1,2,98,1,2,0,1,17,560,6,30
0,57,25,7,2,0,0,3,4,9,32
1,57,100,5,0,0,1,4,456,9,33
0,30,152,5,1,0,1,10,281,7,45
0,81,9,4,1,0,1,11,187,6,12
0,4,106,5,2,0,1,16,702,5,25
0,26,77,5,2,0,1,7,327,6,34
1,10,184,8,1,0,0,19,338,0,23
0,45,151,7,2,0,0,17,712,6,41
1,27,100,5,2,0,0,1,34,11,9
0,11,22,7,2,0,0,9,757,4,13
0,73,81,2,1,0,1,8,674,6,24
0,52,147,2,1,0,1,7,648,3,8
1,75,88,5,2,0,1,13,308,5,28
1,49,76,5,0,0,1,3,476,9,9
1,4,168,7,1,0,1,18,652,7,43
1,16,133,2,0,0,0,20,259,9,24
1,13,25,2,1,0,1,15,601,3,35
1,6,0,3,0,0,0,9,711,0,47
1,4,2,5,1,0,0,4,80,7,35
1,86,1,5,0,0,0,9,139,8,37
1,18,154,3,1,0,1,10,264,7,19
0,35,107,4,0,0,0,17,280,8,23
0,22,62,4,0,0,1,7,470,8,36
0,67,74,3,2,0,1,0,30,9,0
1,98,130,7,0,0,0,10,207,6,28
1,89,21,2,2,0,0,6,603,6,29
1,6,100,7,2,0,1,18,90,7,12
1,86,28,5,1,0,1,16,450,7,26
0,53,181,5,2,0,0,14,424,10,26
0,67,60,5,0,0,1,11,622,8,22
1,67,142,2,0,0,1,18,619,5,21
1,40,34,0,0,0,0,7,617,5,24
0,48,70,2,2,0,1,3,549,8,37
0,60,181,4,1,0,1,13,345,0,24
0,21,88,5,0,0,0,14,121,5,48
1,69,119,7,2,0,0,21,294,3,14
1,69,186,3,1,0,0,17,285,7,27
0,2,88,2,1,0,1,5,164,7,38
0,32,136,0,0,0,1,12,124,6,17
0,20,175,6,1,0,1,13,219,1,42
1,22,62,5,2,0,0,2,675,6,21
1,36,0,5,1,0,0,6,233,1,9
0,36,55,3,2,0,1,16,194,5,28
1,72,184,2,2,0,0,4,595,5,33
0,40,153,3,2,0,1,11,454,7,48
1,71,46,7,1,0,1,6,246,3,7
0,7,152,0,0,0,1,7,246,3,28
1,40,184,0,2,0,1,18,656,7,41
1,29,145,2,2,0,0,12,215,0,14
1,52,86,3,2,0,0,8,459,8,31
1,72,147,2,1,0,1,9,740,4,44
0,11,159,5,0,0,1,7,456,9,26
1,2,39,5,1,0,1,12,281,8,24
0,79,74,3,0,0,0,19,588,6,15
1,27,163,5,1,0,0,2,519,0,5
1,85,148,3,0,0,0,5,641,4,28
0,98,98,1,0,0,1,2,464,6,25
1,72,26,5,0,0,0,17,158,10,21
0,36,96,5,2,0,1,11,510,0,37
1,69,131,3,2,0,0,18,291,2,28
0,52,180,5,1,0,1,7,674,5,25
1,83,98,1,2,0,0,1,666,7,9
1,0,122,2,1,0,0,18,138,8,15
1,35,147,2,0,0,1,12,31,10,16
1,73,127,0,1,0,1,7,477,7,21
0,66,79,8,0,0,1,17,317,7,38
0,9,97,5,2,0,0,6,182,6,47
1,27,192,5,0,0,1,18,334,5,38
1,93,84,5,2,0,1,1,484,5,1
0,35,116,3,2,0,1,8,605,7,28
0,23,115,2,1,0,0,11,424,11,23
1,88,186,5,0,0,0,4,111,8,34
1,36,89,3,0,0,1,2,596,2,7
1,1,9,6,0,0,0,3,419,9,24
1,3,62,3,2,0,1,15,644,8,23
1,13,146,7,2,0,1,21,202,3,24
1,81,30,0,2,0,1,3,702,7,4
0,60,101,2,0,0,1,8,732,6,37
1,81,189,7,2,0,1,2,172,8,28
0,88,39,5,0,0,1,16,31,8,16
0,31,98,1,2,0,0,0,749,2,7
1,54,180,4,2,0,1,18,450,7,40
1,51,57,5,2,0,0,6,432,9,19
0,52,105,2,1,0,0,4,109,9,22
0,39,119,3,0,0,0,3,668,8,36
0,84,119,5,2,0,0,10,570,6,26
0,53,55,3,2,0,0,15,412,8,47
1,98,171,5,2,0,1,10,684,1,41
1,97,74,3,1,0,1,6,308,7,9
0,80,147,2,1,0,1,15,224,1,34
0,6,23,1,0,0,1,17,637,3,39
1,70,94,3,2,0,1,0,55,9,2
1,56,139,3,0,0,0,7,65,11,45
1,27,133,6,2,0,0,7,493,4,45
0,46,82,6,1,0,1,16,115,5,28
1,35,140,3,2,0,1,7,82,9,8
0,28,191,5,2,0,1,2,55,9,6
1,4,174,5,2,0,0,3,718,7,16
1,13,105,5,1,0,0,20,401,6,27
0,6,106,5,2,0,1,6,667,9,39
0,21,20,5,2,0,1,2,336,3,24
0,55,101,2,2,0,0,11,275,5,30
0,80,171,5,1,0,1,7,702,6,39
1,16,106,5,0,0,1,9,239,0,38
0,41,6,5,1,0,0,16,479,9,23
0,33,148,6,1,0,1,1,207,3,2
1,8,125,5,2,0,1,14,268,7,32
1,77,21,2,2,0,1,2,726,1,8
0,19,167,3,0,0,1,18,321,7,42
1,88,50,5,1,0,1,6,276,10,28
1,68,186,5,1,0,1,11,46,11,24
0,55,83,3,1,0,0,3,180,7,29
0,99,134,3,0,0,1,18,70,7,6
0,49,25,5,2,0,1,7,171,9,11
0,6,86,3,0,0,0,6,167,8,28
0,89,71,7,0,0,1,0,89,10,3
1,67,126,2,0,0,1,5,59,10,7
1,80,148,2,0,0,0,11,53,10,39
0,48,183,1,1,0,0,16,753,1,48
0,50,33,6,0,0,1,13,360,7,30
0,69,186,4,2,0,1,1,685,2,1
0,62,174,6,2,0,1,6,101,6,14
0,25,62,7,0,0,1,17,105,7,25
1,10,107,5,2,0,0,6,608,7,10
1,3,19,6,1,0,0,14,391,6,41
1,98,130,6,2,0,1,8,154,7,18
1,36,55,3,1,0,0,9,127,9,30
0,87,163,5,2,0,0,7,28,10,28
1,40,148,3,2,0,0,18,224,6,22
1,19,183,4,2,0,0,5,209,2,13
0,9,174,2,2,0,1,4,491,1,42
0,38,148,4,1,0,1,6,262,7,24
1,25,186,7,0,0,1,11,664,8,32
1,52,182,2,2,0,0,16,3,8,44
1,65,134,3,2,0,0,16,515,3,33
0,84,131,3,2,0,1,0,112,11,3
0,15,186,2,1,0,0,14,53,10,17
0,45,115,2,0,0,1,20,660,6,27
0,22,72,2,1,0,0,12,142,7,42
1,21,24,5,1,0,0,4,154,7,40
0,8,77,5,0,0,0,19,3,11,42
1,46,17,7,1,0,0,6,210,2,21
0,65,33,6,1,0,0,21,321,7,16
0,99,13,5,0,0,1,14,469,7,42
0,99,51,0,1,0,0,6,735,0,24
0,17,170,2,2,0,0,16,373,8,43
0,71,181,5,1,0,0,3,702,3,19
1,67,96,7,2,0,0,17,623,6,25
1,55,42,3,0,0,0,15,473,11,38
1,99,183,3,2,0,1,17,734,2,32
1,66,181,7,2,0,1,11,124,8,24
1,91,74,3,1,0,1,11,281,8,32
1,81,134,3,2,0,0,16,109,9,22
0,30,69,2,2,0,1,8,379,8,42
0,95,70,5,2,0,0,7,720,3,29
0,73,22,5,2,0,1,4,461,8,32
0,67,49,2,2,0,1,6,718,7,10
0,15,47,5,2,0,0,2,252,8,12
0,69,149,2,2,0,0,12,45,11,29
0,38,97,3,0,0,1,18,238,0,22
0,83,117,3,2,0,0,10,481,6,45
1,68,147,2,1,0,0,0,234,6,5
1,76,19,4,2,0,1,14,364,6,32
1,2,150,2,2,0,1,13,717,6,32
1,93,141,2,1,0,0,14,119,8,44
1,63,88,2,2,0,1,16,167,8,37
0,27,111,0,2,0,0,8,203,2,21
1,14,144,5,1,0,0,17,367,6,24
1,94,126,2,1,0,0,1,211,3,2
0,69,1,5,0,0,0,7,433,8,12
0,74,127,8,1,0,1,11,285,7,32
1,38,132,8,2,0,0,20,608,8,14
0,82,55,3,1,0,0,15,740,1,32
1,40,147,2,1,0,1,18,281,7,42
1,34,99,4,2,0,0,13,410,8,23
1,94,38,2,0,0,0,17,181,5,26
0,31,173,2,2,0,0,10,697,0,23
1,29,74,3,1,0,1,5,577,6,30
1,91,129,2,1,0,1,12,85,9,32
0,2,33,4,0,0,1,3,734,3,9
0,41,162,6,2,0,1,17,642,2,16
0,14,3,3,1,0,1,17,177,7,37
1,29,91,5,1,0,0,13,604,5,28
1,98,163,6,0,0,1,11,313,8,28
0,64,10,2,2,0,1,5,119,7,8
0,91,95,5,0,0,0,16,638,5,30
1,78,143,0,1,0,0,18,54,10,47
1,17,74,3,2,0,1,16,440,3,26
1,81,139,2,0,0,1,8,365,8,23
1,76,45,3,0,0,0,2,63,11,6
0,51,147,2,2,0,0,16,629,4,17
1,80,189,5,2,0,0,0,231,7,5
0,35,107,2,2,0,1,21,355,7,13
1,85,134,3,1,0,1,10,398,9,29
0,36,156,5,0,0,0,1,648,9,9
0,9,185,2,1,0,0,17,327,7,27
1,65,119,3,2,0,1,16,337,0,44
0,66,187,5,2,0,0,6,488,11,28
1,31,50,6,0,0,1,15,326,9,25
1,26,64,5,1,0,0,2,119,8,21
0,95,174,6,1,0,1,15,244,1,12
0,16,93,2,1,0,1,21,102,8,17
0,44,76,2,1,0,0,2,349,0,4
1,16,107,5,0,0,0,1,464,2,2
0,21,110,3,1,0,1,4,40,8,36
0,46,39,5,0,0,0,4,601,8,30
0,23,82,5,1,0,0,14,153,7,23
0,87,7,4,0,0,1,6,552,6,20
1,59,87,8,1,0,0,20,731,0,25
0,50,125,2,1,0,1,3,73,9,37
0,12,113,6,2,0,1,8,299,3,24
0,44,98,1,0,0,1,18,153,7,42
0,78,65,5,2,0,1,14,588,5,13
0,40,53,5,2,0,1,18,397,9,33
1,22,73,2,2,0,0,9,651,4,15
0,86,39,5,1,0,0,5,62,8,22
1,96,57,7,2,0,1,17,139,0,25
0,52,43,6,2,0,0,18,648,7,24
1,11,118,1,2,0,0,5,101,8,41
0,64,132,3,2,0,1,14,461,7,30
1,49,115,2,1,0,1,9,318,7,27
0,12,73,2,2,0,1,17,102,8,28
0,78,107,6,2,0,0,15,327,5,17
0,31,98,1,2,0,0,0,311,7,4
1,83,182,2,2,0,1,16,612,4,27
1,80,150,2,2,0,0,17,184,3,23
1,27,77,5,0,0,0,5,19,11,39
0,21,117,3,1,0,0,9,97,8,32
1,6,94,3,0,0,1,12,7,9,23
0,27,88,4,2,0,1,21,215,1,25
1,32,1,0,1,0,0,10,522,5,39
1,23,193,3,2,0,0,12,406,7,16
0,79,7,6,1,0,1,11,124,4,39
1,35,153,3,2,0,0,8,327,6,24
0,20,101,7,2,0,0,11,665,7,48
1,15,57,5,2,0,0,16,357,9,41
1,99,1,4,2,0,1,7,21,10,27
1,47,23,1,1,0,1,15,690,6,35
0,61,124,5,2,0,1,6,641,3,30
1,49,171,3,2,0,0,10,104,7,30
0,40,90,6,2,0,0,18,261,6,38
0,61,42,3,1,0,0,4,274,8,39
0,52,34,3,2,0,0,1,140,8,4
1,43,142,2,1,0,0,3,702,7,4
0,79,64,5,0,0,1,10,645,10,43
0,94,75,2,0,0,1,12,656,9,14
1,66,102,7,1,0,1,6,234,6,25
1,32,121,2,2,0,0,6,516,3,8
1,1,63,6,0,0,1,0,105,5,4
0,89,0,6,1,0,1,12,204,3,19
0,56,56,2,0,0,1,0,610,6,3
0,46,118,2,0,0,1,7,70,10,24
1,13,145,3,1,0,1,1,16,9,3
0,16,98,1,1,0,0,6,320,8,34
1,60,174,2,0,0,0,13,115,4,44
0,93,190,5,2,0,1,15,632,7,23
1,4,134,3,0,0,1,2,102,7,8
1,16,134,3,1,0,0,4,589,4,16
0,22,181,5,0,0,1,19,675,6,27
0,50,174,2,2,0,1,17,526,5,31
0,29,176,6,1,0,1,9,311,6,40
1,98,115,2,2,0,0,15,700,1,20
0,94,152,3,0,0,0,3,529,0,9
1,35,97,2,2,0,1,12,170,8,42
1,80,76,0,0,0,0,6,596,4,6
0,20,120,2,2,0,0,13,102,5,27
0,38,120,3,2,0,0,11,352,4,21
0,3,36,7,1,0,1,3,178,5,3
0,45,109,3,0,0,0,18,724,3,14
0,10,31,1,2,0,0,10,606,7,46
1,45,175,6,0,0,1,8,579,6,25
0,12,77,5,1,0,0,8,493,2,46
0,76,49,2,0,0,1,6,152,7,43
1,48,64,5,2,0,0,17,47,11,15
0,75,153,3,0,0,0,15,751,4,22
1,0,50,5,0,0,1,12,213,4,34
0,96,62,7,2,0,1,13,403,8,23
0,0,25,6,1,0,1,7,223,0,42
1,4,28,5,1,0,1,15,379,6,32
1,45,115,2,1,0,0,9,589,5,27
1,97,161,5,2,0,0,4,64,9,29
0,11,100,0,2,0,0,2,666,0,22
0,17,180,7,1,0,1,0,28,11,7
0,33,155,5,2,0,0,0,427,11,5
0,28,110,5,0,0,1,12,325,9,43
0,36,122,3,0,0,0,17,105,7,46
1,92,55,3,0,0,1,4,349,0,9
0,28,100,7,2,0,0,14,275,8,24
1,27,98,1,2,0,0,14,69,10,24
0,63,1,7,1,0,0,6,2,10,28
1,38,18,0,1,0,0,10,140,7,35
1,81,3,3,2,0,1,12,414,10,21
0,90,117,3,2,0,1,1,674,7,18
0,79,120,0,2,0,1,20,513,3,15
0,18,109,3,0,0,0,8,589,5,29
0,66,117,3,2,0,0,18,494,7,36
1,50,94,7,0,0,0,8,412,9,35
0,82,95,5,2,0,0,0,685,3,7
0,15,37,5,2,0,1,12,63,9,22
0,77,90,2,1,0,1,7,516,1,9
0,44,49,2,1,0,1,6,550,3,38
1,11,119,3,0,0,1,7,289,3,24
1,42,90,3,2,0,0,2,44,8,23
1,81,150,2,0,0,1,6,539,3,45
0,83,167,8,1,0,0,13,539,0,28
0,71,130,3,1,0,0,4,540,5,28
0,20,168,5,1,0,0,4,539,2,6
0,53,89,8,1,0,0,19,513,6,28
1,63,168,5,1,0,0,7,539,0,37
0,97,140,3,0,0,1,12,539,0,21
1,18,1,5,2,0,1,4,540,2,21
1,67,9,5,0,0,1,3,539,0,31
0,17,140,3,2,0,1,1,259,8,3
0,70,72,2,0,0,0,15,349,0,44
1,25,25,5,2,0,0,20,596,4,14
0,16,81,7,0,0,0,0,666,8,0
0,16,77,5,0,0,1,18,676,9,30
1,64,70,6,2,0,1,4,589,3,4
1,11,45,6,1,0,1,6,414,9,15
1,66,147,2,2,0,1,18,620,9,35
0,43,101,7,2,0,1,3,561,7,3
1,22,54,7,2,0,1,3,13,11,9
0,91,40,2,0,0,1,12,444,9,17
0,98,115,2,1,0,1,8,466,8,42
0,57,57,7,1,0,1,12,723,7,23
0,52,115,2,2,0,1,16,422,8,39
1,40,10,5,0,0,0,13,681,4,17
0,49,56,3,2,0,0,15,102,9,13
0,72,22,5,2,0,0,17,690,1,22
0,54,39,5,2,0,0,11,688,0,35
1,59,134,3,1,0,1,6,683,2,8
1,25,43,2,0,0,0,7,172,6,8
1,79,48,2,0,0,1,10,497,5,24
1,97,179,3,2,0,1,15,423,8,25
0,30,26,5,2,0,1,5,487,9,14
1,63,98,1,1,0,0,17,269,8,16
0,14,148,5,0,0,0,15,146,10,36
0,27,106,5,2,0,1,19,669,2,22
1,72,32,3,2,0,1,1,85,9,9
1,2,57,6,1,0,0,12,636,6,13
1,44,145,5,2,0,1,15,751,4,35
1,50,54,7,1,0,1,11,363,7,38
1,64,121,7,1,0,0,13,486,10,35
1,63,55,3,2,0,1,7,606,7,15
0,7,46,4,0,0,0,19,186,5,44
0,5,0,6,2,0,0,8,177,7,12
0,48,53,2,2,0,1,9,280,7,39
1,99,60,6,1,0,1,9,275,5,25
1,82,173,2,2,0,1,9,419,9,36
1,30,74,3,0,0,0,4,417,9,6
1,59,55,3,0,0,0,16,279,7,24
0,47,122,3,2,0,0,0,242,5,2
0,13,124,5,2,0,0,4,215,4,15
1,3,188,6,0,0,1,15,109,9,43
1,33,138,3,2,0,1,15,615,6,24
1,6,108,0,1,0,1,4,708,4,43
1,93,107,2,2,0,1,6,111,9,9
0,50,175,7,0,0,1,2,615,7,15
0,2,190,5,2,0,0,15,119,7,44
0,23,71,8,1,0,0,2,220,0,23
0,35,24,7,0,0,1,9,468,9,10
1,93,86,3,0,0,1,11,178,5,23
0,99,119,7,2,0,0,16,435,7,43
1,87,114,5,2,0,1,3,263,7,8
0,58,77,5,0,0,0,2,654,6,7
0,39,41,5,2,0,0,5,51,11,39
1,26,152,7,1,0,1,14,682,1,42
0,80,101,6,1,0,1,6,753,2,16
0,0,182,2,1,0,1,4,164,9,27
1,49,59,2,0,0,1,18,127,8,29
1,92,107,1,2,0,1,15,672,8,18
0,2,173,0,2,0,1,2,637,5,3
0,51,187,3,2,0,1,14,195,8,26
1,40,64,5,2,0,1,15,376,9,44
0,98,39,5,2,0,0,9,185,4,9
0,80,73,2,2,0,1,0,495,4,5
0,35,21,6,1,0,0,6,254,9,6
0,22,168,5,1,0,1,7,70,9,35
1,14,42,3,0,0,0,9,444,11,24
0,51,174,5,1,0,1,15,363,6,19
1,6,56,2,2,0,0,8,365,8,8
0,21,146,7,0,0,0,7,461,7,15
0,29,20,4,1,0,0,1,443,10,3
0,41,136,5,0,0,0,0,43,9,8
0,85,109,3,0,0,1,14,159,9,20
0,44,181,7,2,0,1,14,7,9,46
0,91,125,0,0,0,1,4,6,8,29
1,79,12,7,2,0,1,3,604,7,30
0,34,44,2,2,0,0,14,104,8,23
1,96,114,3,1,0,1,5,43,8,40
1,70,55,3,2,0,0,7,400,6,43
0,93,44,2,2,0,0,1,140,8,4
1,84,49,2,2,0,0,0,265,7,4
1,18,57,7,1,0,0,6,316,7,28
0,48,97,6,2,0,0,11,660,6,37
0,72,108,3,2,0,0,13,655,6,41
0,48,99,5,0,0,0,1,284,5,1
0,68,134,3,1,0,1,10,656,6,20
0,40,132,7,0,0,1,6,638,6,28
1,33,21,7,0,0,1,3,99,6,16
0,6,18,2,1,0,1,0,604,4,1
0,20,154,5,1,0,1,13,175,5,21
1,73,112,6,2,0,1,21,669,10,24
0,99,49,2,2,0,1,7,106,6,44
0,41,181,2,0,0,0,11,131,9,24
1,13,82,7,2,0,0,5,43,10,42
0,38,183,3,2,0,0,15,250,7,46
0,75,77,5,2,0,1,20,468,10,27
1,0,181,2,1,0,0,12,29,11,37
0,77,39,5,0,0,0,7,607,7,20
1,27,69,5,1,0,1,16,405,7,49
1,56,188,5,2,0,0,2,193,7,23
1,19,110,3,0,0,0,15,325,9,42
0,82,157,6,2,0,1,12,364,4,32
1,96,118,6,1,0,0,8,629,4,23
0,10,168,2,1,0,0,15,661,2,25
0,54,140,3,0,0,1,12,380,7,47
0,96,98,1,1,0,0,12,129,9,23
1,49,120,4,2,0,1,19,452,8,21
0,54,24,5,2,0,1,2,124,8,21
1,15,147,2,2,0,1,1,662,9,2
0,67,106,5,0,0,1,4,101,9,21
0,69,0,5,2,0,0,13,598,6,40
1,37,88,4,2,0,0,3,21,10,16
0,90,100,2,2,0,1,17,401,6,24
0,76,163,5,2,0,1,3,318,6,19
0,17,66,5,0,0,0,7,254,8,42
1,8,153,3,0,0,1,16,51,10,44
1,30,45,6,1,0,0,19,54,10,12
1,22,25,5,1,0,0,10,463,4,24
1,46,130,7,0,0,0,17,182,7,26
0,5,173,6,1,0,0,9,156,9,9
1,64,174,7,0,0,1,6,701,2,27
1,33,63,0,0,0,1,17,655,6,29
0,93,39,5,2,0,1,16,379,6,26
0,22,142,8,1,0,0,8,120,6,9
0,81,152,6,2,0,1,11,119,7,42
1,70,61,4,1,0,1,14,611,9,27
0,73,103,5,1,0,1,4,120,9,38
0,67,131,5,1,0,0,17,604,5,16
1,88,108,5,1,0,1,11,545,0,25
1,17,23,1,0,0,0,20,367,7,21
0,54,117,3,2,0,0,11,450,9,24
1,78,163,7,2,0,0,5,284,7,19
1,62,162,1,1,0,0,15,729,0,21
0,71,67,5,0,0,1,3,270,6,26
1,51,99,7,1,0,0,0,595,7,6
1,55,77,5,2,0,1,7,146,9,23
1,99,119,3,1,0,1,15,451,6,12
1,50,15,1,2,0,1,12,551,5,31
0,59,71,0,1,0,1,5,748,1,21
1,13,19,6,1,0,0,16,629,4,45
1,25,64,5,0,0,1,9,264,8,25
1,85,147,2,0,0,1,9,693,5,35
0,81,43,7,2,0,0,4,480,8,5
0,3,106,5,1,0,1,15,730,1,30
0,71,40,5,2,0,1,11,363,6,23
1,95,117,3,2,0,1,9,102,8,48
0,77,151,6,2,0,1,13,229,6,22
0,77,174,5,2,0,1,4,41,11,48
1,92,114,4,0,0,1,13,563,6,24
0,32,150,2,2,0,1,6,80,7,13
0,42,163,7,2,0,0,14,73,8,25
1,74,42,3,2,0,0,13,414,6,24
1,35,56,5,1,0,0,8,327,8,28
1,56,23,1,2,0,1,16,141,10,20
0,98,152,5,1,0,0,15,121,8,27
0,89,24,4,0,0,0,16,275,7,48
1,29,192,5,2,0,1,20,717,6,21
1,33,18,6,0,0,0,11,653,8,33
0,70,161,7,1,0,0,7,65,10,24
0,77,2,7,2,0,0,13,610,6,28
0,35,148,6,1,0,1,16,651,5,44
0,80,14,2,2,0,1,9,279,8,30
0,6,174,5,2,0,1,10,380,8,37
1,80,34,3,0,0,1,9,318,6,34
0,45,183,2,1,0,0,2,78,10,21
0,77,32,3,0,0,1,7,349,0,15
1,99,88,2,2,0,0,6,687,1,30
1,43,93,5,2,0,1,6,503,3,29
1,20,181,2,2,0,1,3,60,10,10
1,55,173,6,2,0,0,11,22,11,23
1,25,150,2,1,0,1,16,421,9,26
0,42,134,3,2,0,0,18,615,4,34
0,1,140,3,2,0,1,8,318,5,23
1,76,148,5,2,0,1,4,753,1,22
1,71,8,7,0,0,1,9,717,5,27
0,35,39,5,1,0,1,2,512,6,2
0,28,183,2,2,0,1,8,657,3,40
1,84,88,7,2,0,1,7,131,9,32
1,25,49,2,2,0,0,7,528,1,9
1,89,160,5,2,0,0,7,97,8,33
1,81,149,2,0,0,0,14,649,6,23
1,81,131,5,1,0,1,9,363,6,47
0,63,38,6,2,0,1,17,280,7,41
1,48,180,6,1,0,1,7,215,4,20
1,11,163,3,0,0,1,4,128,7,8
0,70,139,5,0,0,1,11,217,2,36
1,53,8,2,0,0,0,12,660,3,20
0,71,25,3,2,0,1,15,180,6,37
1,68,106,5,0,0,1,11,332,6,35
1,17,156,2,1,0,1,1,171,9,2
0,43,10,6,0,0,1,11,145,7,36
1,73,183,5,2,0,1,15,177,6,14
0,33,179,5,2,0,1,15,590,1,24
0,45,24,5,1,0,0,10,514,4,22
0,91,153,3,2,0,1,13,704,3,16
1,12,117,3,2,0,1,3,206,8,3
1,34,117,3,2,0,1,3,350,5,4
1,43,86,3,0,0,0,10,225,6,25
0,7,23,1,1,0,0,7,299,1,32
1,98,95,7,2,0,0,12,544,4,21
0,18,67,3,2,0,0,14,75,10,25
0,62,96,3,0,0,1,8,1,10,32
0,48,7,1,0,0,1,5,377,7,5
1,97,178,2,2,0,0,21,303,4,27
0,42,168,5,2,0,0,17,465,4,19
1,62,185,7,2,0,0,15,39,9,16
1,13,120,2,2,0,1,17,747,2,24
1,97,95,3,0,0,1,6,4,10,15
0,30,67,2,2,0,0,12,53,9,21
1,87,38,2,1,0,1,15,125,8,27
0,15,25,5,2,0,0,12,272,6,42
1,49,179,7,1,0,0,2,710,6,11
0,35,57,5,2,0,0,15,471,8,31
0,27,180,2,2,0,1,12,504,0,13
1,98,62,3,2,0,0,6,667,6,24
0,34,89,6,2,0,0,14,97,7,38
0,86,181,2,1,0,0,11,266,8,21
1,10,179,2,2,0,1,12,21,7,22
0,48,76,2,0,0,1,10,73,10,37
1,84,87,2,2,0,1,0,589,4,6
0,69,106,5,0,0,0,18,346,3,28
1,90,95,5,2,0,0,1,138,8,4
0,58,41,5,1,0,1,10,668,9,21
1,23,148,5,0,0,0,8,142,7,22
0,9,183,5,2,0,0,4,575,8,47
1,55,150,2,2,0,1,0,628,8,1
0,48,157,2,0,0,0,12,200,6,27
0,46,173,3,2,0,0,2,44,11,25
0,44,107,2,1,0,0,10,442,10,40
1,91,1,7,2,0,1,6,472,8,26
1,50,100,3,1,0,1,17,536,0,37
0,56,64,5,1,0,0,11,65,9,23
1,90,134,3,0,0,1,6,397,9,9
0,44,36,3,0,0,1,5,427,11,26
0,17,44,2,2,0,1,13,187,5,37
0,41,0,4,2,0,0,9,708,6,47
0,36,179,2,0,0,0,8,155,9,11
1,33,169,7,0,0,0,17,234,8,32
0,23,107,2,2,0,1,0,289,6,3
0,62,187,2,1,0,1,13,724,2,23
1,26,41,5,2,0,0,0,131,9,2
0,24,23,1,1,0,0,14,122,6,28
1,13,164,2,2,0,0,15,697,0,22
1,42,104,6,2,0,1,14,230,6,19
1,37,43,7,2,0,1,10,589,6,37
0,45,135,5,0,0,1,7,567,5,30
1,42,0,6,0,0,1,3,237,4,3
0,7,35,7,2,0,1,11,313,6,30
1,29,23,1,0,0,0,0,280,6,0
0,60,68,1,1,0,0,18,0,8,25
1,76,152,7,2,0,0,9,196,4,23
1,4,155,2,2,0,1,1,317,7,6
1,85,131,2,1,0,0,14,23,11,21
1,45,107,7,2,0,0,13,506,7,43
0,35,106,5,1,0,1,13,0,9,28
0,28,87,7,2,0,1,10,71,9,29
1,1,36,4,2,0,1,14,71,10,25
0,70,81,1,2,0,1,9,704,5,15
1,72,186,4,2,0,0,11,438,6,24
1,20,181,4,1,0,1,0,94,11,1
0,14,146,7,2,0,1,16,734,0,29
1,7,55,3,0,0,1,19,326,9,16
0,33,38,4,0,0,1,9,664,7,6
1,10,106,5,2,0,1,9,193,5,23
1,80,74,3,0,0,0,0,581,7,7
0,83,179,8,2,0,0,12,148,9,24
1,56,106,5,2,0,0,14,594,2,35
0,81,120,0,1,0,1,10,643,3,27
0,59,183,2,1,0,1,11,327,6,25
0,53,9,6,2,0,1,15,236,1,24
1,69,70,3,2,0,1,18,315,7,45
1,43,129,8,2,0,1,16,279,7,37
1,2,109,3,2,0,0,8,107,7,31
0,65,119,5,0,0,1,5,475,9,43
1,27,151,3,2,0,0,17,674,7,23
1,95,38,6,0,0,0,0,503,1,7
1,53,182,2,1,0,1,17,733,2,24
1,21,42,3,0,0,0,3,96,11,16
0,59,74,3,1,0,0,4,369,6,9
0,24,105,7,2,0,0,6,261,6,29
1,33,119,7,2,0,1,11,731,2,45
1,33,145,3,2,0,0,10,478,10,25
1,5,62,2,1,0,0,9,315,7,11
0,0,73,2,2,0,1,13,424,10,42
0,78,123,5,0,0,1,17,479,7,27
0,54,8,5,1,0,1,19,740,4,14
1,96,86,3,2,0,1,11,754,1,38
1,63,27,2,0,0,0,3,463,7,5
1,67,39,5,1,0,1,19,146,9,40
1,53,53,6,2,0,0,12,760,3,24
0,17,134,3,0,0,1,11,128,8,21
1,41,98,1,2,0,0,17,174,5,26
0,57,139,3,1,0,1,21,360,6,13
1,91,137,3,1,0,1,15,619,6,34
0,48,131,7,2,0,0,5,711,2,16
0,88,170,5,2,0,1,18,46,11,25
0,19,19,3,1,0,0,19,121,7,27
1,93,5,5,0,0,1,15,386,6,23
0,13,55,3,0,0,1,6,507,3,41
0,34,64,5,0,0,1,10,316,8,25
1,6,5,7,0,0,1,2,177,4,3
0,11,106,5,2,0,0,2,749,1,5
1,59,57,7,0,0,0,5,48,11,37
1,56,0,6,1,0,1,4,634,7,13
1,52,31,3,0,0,0,5,67,10,31
0,0,179,5,1,0,1,10,175,6,14
1,55,170,7,0,0,1,4,36,10,47
0,50,109,3,1,0,1,0,185,3,4
1,27,41,5,0,0,0,10,443,10,39
0,46,175,1,2,0,0,6,78,10,34
1,31,134,3,2,0,0,12,289,4,21
1,69,180,8,0,0,1,5,660,3,13
0,0,0,7,1,0,0,9,27,11,18
0,71,25,5,2,0,1,17,105,8,24
1,92,101,2,2,0,0,3,616,5,8
0,20,151,6,0,0,0,10,229,6,36
1,49,19,2,0,0,0,3,177,6,26
0,88,19,2,1,0,1,1,666,5,13
0,55,118,4,1,0,0,18,475,10,43
1,15,150,2,2,0,0,10,651,6,41
0,74,12,7,2,0,1,0,137,9,1
0,36,87,3,2,0,0,6,394,8,41
0,89,20,5,2,0,1,16,740,1,17
1,18,25,2,1,0,1,13,705,4,43
0,77,140,3,2,0,0,4,328,8,5
1,48,101,3,1,0,1,14,444,11,16
0,61,19,2,0,0,1,11,163,6,39
1,6,170,6,1,0,0,3,740,1,3
1,50,14,2,1,0,1,14,635,7,23
1,67,153,3,1,0,1,19,79,10,22
1,59,150,2,2,0,0,2,341,0,3
0,8,39,5,2,0,1,17,324,7,25
0,97,14,2,1,0,1,6,366,7,48
0,96,131,2,2,0,0,3,176,10,34
1,3,146,7,2,0,0,4,137,9,23
1,94,145,7,1,0,1,11,605,6,22
0,11,146,7,0,0,1,13,589,7,41
1,26,106,5,2,0,1,6,111,8,17
1,17,40,7,2,0,0,10,187,6,38
0,66,26,5,2,0,1,0,704,5,2
0,16,114,3,0,0,1,0,590,2,0
1,55,180,6,2,0,0,10,730,2,26
0,78,94,2,2,0,0,18,152,8,40
0,30,14,2,2,0,1,9,393,9,23
0,93,72,2,1,0,1,7,141,8,13
0,84,57,6,1,0,0,21,162,9,14
1,86,71,5,2,0,0,2,7,11,6
1,31,119,5,0,0,1,14,141,10,23
1,24,185,5,1,0,1,12,229,5,25
0,6,133,7,0,0,1,9,339,3,32
1,15,131,6,0,0,1,12,311,8,47
1,69,174,5,2,0,1,19,486,6,26
0,40,1,5,2,0,1,6,595,7,35
0,0,143,3,2,0,1,0,283,7,5
1,50,115,2,2,0,0,11,187,4,23
1,77,14,2,0,0,1,15,756,1,16
0,4,186,2,0,0,1,4,391,6,4
0,91,179,4,2,0,0,11,124,7,13
1,14,146,7,0,0,1,6,125,8,23
1,6,77,5,2,0,0,12,647,6,12
0,9,93,2,2,0,0,7,609,5,20
1,94,8,3,2,0,1,10,614,8,34
0,45,153,3,0,0,0,3,445,9,33
0,66,149,2,0,0,1,6,78,10,9
0,16,5,7,1,0,1,19,321,7,24
1,72,72,2,2,0,0,2,124,7,14
0,22,191,2,2,0,1,11,404,8,38
1,77,140,3,0,0,1,13,387,7,30
0,41,153,3,2,0,1,17,153,7,26
0,9,137,2,2,0,0,16,528,2,36
0,52,188,5,2,0,0,8,216,1,24
1,59,132,0,1,0,1,4,391,4,37
0,29,49,2,2,0,0,1,203,4,14
0,36,121,2,2,0,0,2,518,0,5
0,95,149,7,2,0,1,10,488,5,31
1,60,122,5,2,0,1,2,428,4,15
0,9,149,5,2,0,1,10,203,5,44
1,68,14,2,2,0,1,0,4,8,0
0,44,172,7,2,0,0,9,392,11,32
0,29,95,6,2,0,0,21,98,8,25
0,51,39,5,2,0,1,10,35,8,48
1,42,96,6,1,0,1,17,618,5,16
0,87,16,2,2,0,1,13,674,8,12
0,33,150,2,0,0,1,5,85,9,15
1,63,71,5,0,0,0,13,149,9,24
1,44,65,5,0,0,1,15,192,7,23
1,13,91,6,0,0,0,10,70,10,17
1,98,37,6,2,0,0,6,327,5,31
1,41,23,1,0,0,0,6,418,9,6
0,28,37,5,0,0,1,18,36,8,30
0,2,64,5,1,0,0,10,195,7,22
1,39,46,5,1,0,0,8,444,9,43
0,16,121,3,2,0,1,10,12,11,34
1,9,132,8,2,0,1,8,437,7,25
0,30,69,5,0,0,0,1,275,7,4
0,80,42,3,2,0,0,15,65,8,38
0,14,116,7,1,0,0,20,690,7,25
0,12,23,1,2,0,0,9,234,6,24
1,63,132,5,2,0,1,8,509,2,9
0,42,132,2,0,0,1,4,183,7,34
0,66,107,6,2,0,0,13,450,9,31
0,50,109,3,2,0,0,11,327,8,26
0,42,21,6,2,0,1,12,415,11,35
1,36,128,1,0,0,1,15,327,7,26
0,20,30,6,1,0,1,13,454,8,30
1,65,71,7,1,0,1,6,62,9,16
0,81,108,5,2,0,1,16,111,9,26
0,53,100,2,2,0,1,12,55,9,25
0,9,30,5,2,0,1,16,681,5,45
0,98,24,0,1,0,0,4,604,6,8
0,4,185,2,2,0,1,3,646,8,27
1,46,49,2,2,0,0,9,20,9,14
1,90,95,5,2,0,0,15,236,2,37
0,36,20,4,2,0,0,20,553,5,27
0,11,64,5,1,0,0,2,70,8,4
0,20,181,7,1,0,0,9,59,9,29
1,49,23,1,1,0,1,14,34,11,24
0,52,24,3,0,0,1,16,745,7,28
0,59,49,2,2,0,0,12,248,7,20
0,97,106,5,0,0,0,17,379,6,24
1,71,73,2,1,0,0,1,671,8,3
1,68,76,7,1,0,0,9,32,9,21
1,59,152,6,0,0,1,17,662,4,34
1,73,20,6,2,0,1,8,201,5,16
0,62,71,0,2,0,1,4,467,8,28
1,43,97,3,2,0,0,6,45,8,34
1,71,25,3,0,0,1,10,62,10,39
0,62,40,5,2,0,0,8,627,2,16
1,84,115,2,2,0,1,1,315,7,6
0,70,44,2,2,0,1,3,319,7,32
1,42,163,2,1,0,1,17,33,9,28
1,37,129,4,1,0,1,15,262,6,39
0,5,106,5,1,0,1,11,245,10,15
1,59,96,5,0,0,1,6,102,6,36
1,91,80,2,2,0,1,21,751,3,25
0,85,98,1,2,0,1,4,53,8,35
0,5,72,2,2,0,1,11,405,3,32
0,94,24,5,0,0,0,4,476,9,40
0,13,106,5,1,0,0,3,349,0,12
1,29,109,3,2,0,1,17,264,6,15
0,57,93,2,2,0,1,6,124,8,27
1,47,114,5,0,0,1,8,124,7,24
0,26,161,5,1,0,1,10,149,8,24
0,93,75,7,2,0,1,3,244,3,9
1,89,150,2,1,0,0,7,480,9,25
0,42,153,3,0,0,1,10,464,7,46
0,31,25,1,1,0,0,5,483,8,22
0,15,134,3,2,0,1,11,471,9,39
0,55,23,1,2,0,0,10,417,9,34
1,44,185,4,0,0,1,13,513,4,46
0,76,86,3,0,0,1,10,321,8,19
0,32,37,5,2,0,0,16,755,3,26
1,23,119,5,0,0,1,8,670,7,32
1,47,141,2,1,0,1,7,632,8,37
1,34,145,5,0,0,1,9,661,3,20
0,79,23,1,2,0,1,5,456,9,14
1,36,38,2,0,0,1,18,175,7,23
0,27,140,3,1,0,0,11,591,11,39
1,49,186,5,0,0,1,13,582,10,41
1,97,107,7,2,0,0,1,761,2,2
1,46,23,1,2,0,0,2,57,9,4
1,61,71,4,2,0,1,5,735,4,23
1,4,2,4,2,0,0,16,724,2,17
1,61,19,7,0,0,1,5,567,4,16
0,26,104,8,2,0,1,8,240,1,16
0,23,129,2,2,0,1,10,160,9,17
0,47,45,2,2,0,0,14,380,7,27
1,79,22,0,0,0,0,1,591,6,2
1,45,69,5,0,0,0,6,84,9,24
1,23,95,5,2,0,1,1,624,8,5
1,19,155,2,2,0,1,9,391,5,47
1,13,43,2,1,0,0,11,523,7,24
0,28,148,5,1,0,1,15,82,9,27
1,45,133,3,1,0,1,7,373,6,29
0,23,117,3,2,0,0,15,371,7,28
1,74,43,2,1,0,0,12,322,8,12
1,17,130,8,2,0,1,18,121,8,42
1,66,153,3,0,0,0,10,175,7,32
1,10,84,5,0,0,1,13,263,7,26
0,1,134,3,2,0,1,10,681,4,48
0,6,56,6,2,0,1,15,268,3,25
1,56,22,3,2,0,1,11,370,7,27
0,26,94,6,2,0,0,14,18,10,30
0,36,119,8,2,0,1,13,14,9,28
0,81,55,3,2,0,1,4,4,8,32
1,60,153,3,0,0,1,19,682,2,22
1,38,91,7,1,0,0,15,595,7,24
0,64,154,2,2,0,0,4,318,7,9
0,5,99,5,1,0,1,7,42,11,34
1,34,148,3,1,0,0,4,417,10,29
0,1,68,2,1,0,0,14,524,6,26
0,67,147,2,2,0,0,13,142,8,21
1,16,179,3,2,0,1,7,437,8,37
1,96,128,5,0,0,0,9,172,8,27
0,39,179,7,2,0,0,17,384,5,25
0,27,39,5,2,0,0,3,468,5,22
1,26,146,7,1,0,1,20,318,8,22
0,30,147,2,2,0,1,10,480,8,19
1,2,93,7,2,0,1,16,454,8,17
0,48,116,5,2,0,1,12,74,10,42
1,69,146,7,0,0,1,13,153,9,15
1,37,55,3,1,0,1,1,171,9,1
1,65,75,0,1,0,0,7,44,11,24
0,48,57,2,2,0,0,10,339,3,37
0,26,42,3,2,0,1,9,522,4,27
0,85,82,2,0,0,0,3,97,8,7
0,26,7,5,2,0,1,17,321,7,25
0,67,49,2,2,0,0,13,663,6,34
0,57,46,3,0,0,0,9,680,2,28
0,34,108,5,1,0,1,1,718,6,1
1,28,44,2,0,0,0,21,101,9,27
1,48,68,0,2,0,0,19,111,9,24
1,62,115,2,2,0,1,15,239,1,45
0,72,191,7,2,0,1,3,121,7,38
1,82,136,3,2,0,1,15,467,8,47
1,36,93,6,0,0,1,7,153,9,33
1,38,70,5,2,0,0,15,243,9,28
0,84,168,2,1,0,0,2,68,11,7
0,94,112,6,1,0,0,5,627,6,33
0,25,22,7,0,0,0,0,665,8,1
1,25,20,2,1,0,0,10,307,9,16
1,88,114,2,0,0,0,6,437,8,46
1,98,43,5,0,0,1,13,165,8,16
1,13,39,5,1,0,1,9,757,0,36
0,37,6,4,1,0,1,6,121,8,7
1,27,44,2,2,0,1,8,111,10,25
0,11,4,6,2,0,1,4,119,8,13
1,83,140,3,2,0,1,4,711,2,24
0,67,76,5,1,0,0,19,683,1,45
1,85,38,5,2,0,0,12,167,9,23
0,68,181,5,0,0,0,2,271,4,3
1,95,168,3,2,0,1,4,684,0,6
1,53,20,3,0,0,1,4,658,5,9
0,60,19,2,1,0,0,11,470,6,23
0,54,190,5,2,0,1,17,403,5,45
1,98,25,3,1,0,0,12,88,10,22
0,24,38,6,0,0,1,10,123,7,25
0,30,97,2,1,0,1,17,0,10,30
0,87,76,7,2,0,0,4,4,8,35
0,20,118,7,2,0,1,10,662,6,28
1,76,66,6,1,0,1,14,701,1,31
1,59,109,3,0,0,1,18,443,11,12
1,52,49,2,0,0,1,1,712,0,5
0,53,123,5,0,0,0,17,319,7,37
1,20,163,7,2,0,1,18,55,9,40
1,38,97,5,2,0,0,15,544,0,32
0,67,0,7,1,0,0,16,224,4,17
0,94,114,5,0,0,0,15,678,2,36
0,43,84,1,2,0,0,17,560,7,33
1,67,93,5,2,0,1,15,13,11,15
1,28,182,2,2,0,1,5,121,7,19
0,51,113,5,0,0,1,2,264,7,11
1,78,41,5,2,0,0,12,690,1,39
1,74,186,2,0,0,0,1,710,5,2
1,96,119,2,0,0,1,3,391,7,6
0,88,132,2,1,0,1,12,171,10,24
0,29,115,2,0,0,1,1,418,9,7
0,8,40,5,2,0,1,8,563,5,11
0,88,26,5,0,0,0,0,398,6,11
0,59,147,2,0,0,0,11,531,3,13
0,74,1,3,0,0,1,0,157,8,3
0,59,23,1,2,0,1,11,177,8,12
1,87,39,5,2,0,1,9,206,4,23
1,16,107,8,0,0,0,16,430,9,35
1,31,185,3,2,0,1,11,172,8,33
0,9,120,3,2,0,1,3,89,9,10
1,19,94,5,0,0,0,1,70,9,1
0,54,143,7,2,0,0,6,335,5,19
1,34,97,7,2,0,1,19,127,8,42
1,87,82,2,1,0,0,9,585,7,43
0,57,168,2,0,0,1,15,684,3,42
1,64,153,3,2,0,0,8,280,7,16
1,27,193,5,0,0,1,1,705,6,2
1,81,114,5,2,0,0,7,360,7,37
0,88,116,5,0,0,1,2,361,6,6
1,31,101,6,1,0,1,5,378,8,10
1,14,167,7,1,0,1,1,438,9,3
0,32,25,2,2,0,0,9,189,6,28
1,2,14,2,0,0,1,18,124,4,23
0,77,55,3,2,0,0,11,682,3,21
1,68,77,5,1,0,0,11,94,11,14
1,37,22,6,0,0,0,1,206,5,11
0,5,142,7,2,0,0,19,595,6,48
0,19,38,6,2,0,1,1,629,2,7
1,88,180,3,2,0,0,11,596,6,36
1,94,12,1,2,0,0,9,731,1,34
0,75,27,3,2,0,1,9,124,8,43
1,14,43,4,0,0,1,7,684,2,8
1,42,25,2,2,0,1,3,78,10,5
1,41,95,7,1,0,1,0,453,10,1
0,52,180,6,2,0,1,17,135,6,32
1,48,180,4,2,0,1,17,292,4,27
1,40,106,5,2,0,0,7,562,6,21
0,68,49,2,0,0,1,5,562,6,6
1,54,109,3,1,0,0,8,644,7,9
0,89,42,3,2,0,1,9,137,4,23
1,82,50,5,2,0,0,18,196,6,42
0,71,55,3,1,0,0,19,136,5,25
0,73,1,7,1,0,1,8,275,5,21
0,2,153,3,1,0,1,4,250,7,23
1,7,172,2,1,0,0,11,381,4,15
1,39,140,3,2,0,0,9,381,5,31
0,96,77,5,1,0,1,15,537,0,36
0,44,20,6,1,0,1,10,735,1,46
0,53,184,8,2,0,0,16,704,3,31
1,33,146,7,2,0,1,6,251,5,27
0,89,130,5,2,0,0,1,279,7,2
1,83,168,2,2,0,0,15,68,9,40
1,60,100,7,2,0,1,2,172,6,3
1,34,115,2,2,0,1,5,163,9,31
1,65,115,2,1,0,1,16,364,6,28
0,2,97,5,1,0,0,15,28,9,16
0,92,25,7,2,0,1,2,643,8,6
1,98,64,5,2,0,0,5,25,8,9
0,0,40,5,2,0,0,4,350,7,5
1,94,123,5,2,0,1,7,564,8,23
1,17,115,2,1,0,1,6,4,6,23
0,79,129,6,2,0,0,14,224,4,24
0,66,145,2,2,0,0,4,157,8,10
0,6,180,2,1,0,1,2,604,6,2
0,87,44,2,1,0,0,14,140,8,28
0,63,57,8,2,0,1,18,12,9,44
0,88,110,4,0,0,1,20,248,6,25
1,27,185,8,2,0,1,11,652,8,31
1,87,101,4,2,0,0,20,161,9,23
0,76,105,0,2,0,1,14,86,10,24
1,38,69,0,0,0,0,18,107,9,33
0,53,90,5,2,0,1,13,121,8,16
0,56,38,5,0,0,1,9,307,8,26
1,96,153,3,2,0,0,19,8,7,46
1,36,190,6,2,0,0,4,449,7,7
1,89,22,3,0,0,0,21,666,6,26
1,96,116,4,2,0,1,18,366,6,38
0,67,108,1,2,0,0,10,435,7,34
1,36,0,2,0,0,1,9,209,0,34
1,55,45,3,2,0,1,0,545,1,0
0,67,139,2,0,0,0,8,28,11,25
1,82,114,3,2,0,0,15,398,8,17
1,21,185,7,2,0,1,8,649,6,30
1,87,23,1,0,0,1,16,315,8,22
1,96,38,4,2,0,1,18,104,8,27
1,39,149,2,1,0,0,5,296,1,25
1,64,96,3,2,0,0,13,455,9,27
0,2,41,5,0,0,1,6,137,9,25
1,25,150,2,2,0,0,9,203,6,46
1,75,151,2,2,0,1,13,106,6,27
1,94,14,2,2,0,0,0,408,8,2
1,40,69,2,2,0,0,10,657,2,39
0,29,62,2,0,0,1,11,679,3,42
0,37,116,2,1,0,1,15,590,1,33
0,6,190,6,1,0,0,6,258,9,23
1,38,118,5,2,0,0,10,757,8,24
0,4,179,5,2,0,0,17,55,7,21
0,11,68,3,2,0,0,7,589,6,24
1,83,69,3,1,0,0,13,20,7,26
1,66,104,5,2,0,1,0,558,7,4
0,51,70,5,2,0,0,0,639,6,6
1,61,24,2,2,0,1,0,324,7,2
1,74,113,2,2,0,1,1,49,8,7
0,51,104,3,2,0,1,3,600,5,7
0,32,72,2,2,0,0,0,53,8,7
0,10,41,5,0,0,0,14,608,6,38
0,80,96,5,2,0,0,0,364,4,14
0,52,27,3,1,0,1,6,406,7,8
0,62,20,2,0,0,0,12,43,11,21
0,2,157,2,2,0,1,8,756,2,9
1,59,53,5,2,0,1,0,695,6,3
0,95,118,5,2,0,0,7,87,10,34
0,38,94,0,2,0,1,21,704,3,26
0,94,193,2,2,0,0,2,242,6,4
1,53,138,5,0,0,0,10,18,9,29
0,59,95,6,1,0,1,10,610,7,42
0,67,28,5,0,0,0,2,406,7,6
1,19,40,3,2,0,1,3,110,10,21
0,36,153,3,2,0,0,12,349,0,37
0,31,71,2,2,0,0,11,368,4,32
0,7,116,2,2,0,1,8,396,9,8
1,7,179,2,2,0,1,16,363,6,43
1,35,142,5,2,0,1,18,438,7,15
1,88,38,6,0,0,1,11,458,8,36
0,94,22,5,2,0,0,12,261,7,37
1,23,71,7,2,0,0,13,198,3,24
0,15,168,3,1,0,0,4,557,6,30
1,34,37,5,2,0,1,15,593,6,22
0,4,76,5,0,0,1,13,457,7,44
1,24,102,3,2,0,0,6,578,6,28
0,24,175,2,2,0,0,12,406,8,42
1,86,82,4,1,0,0,6,102,7,43
0,73,147,2,2,0,1,3,592,11,33
0,0,174,5,2,0,1,4,513,4,17
0,46,20,5,2,0,1,13,208,3,20
0,95,142,2,1,0,1,7,134,9,25
0,42,49,2,1,0,1,6,124,7,12
0,8,89,2,2,0,0,0,734,5,0
0,76,120,2,0,0,0,5,602,8,16
0,77,146,7,2,0,1,17,65,8,23
0,6,139,8,1,0,0,10,618,3,22
1,65,119,1,2,0,0,11,671,7,42
0,37,38,5,0,0,0,4,94,8,20
1,64,42,3,1,0,0,10,374,7,34
0,93,76,5,2,0,0,19,464,4,15
1,47,19,2,2,0,1,4,395,9,45
0,21,40,6,1,0,1,15,163,9,16
0,72,76,1,2,0,0,10,464,11,23
0,24,48,5,2,0,0,5,52,10,26
1,66,184,2,0,0,0,8,624,7,19
1,55,168,2,2,0,0,13,124,8,43
0,49,76,2,2,0,1,20,79,10,14
0,8,42,3,1,0,0,12,70,9,43
0,46,19,6,2,0,1,5,317,7,23
0,98,40,7,0,0,0,1,386,9,10
1,51,132,3,0,0,1,8,388,8,15
1,23,23,1,2,0,0,19,589,6,40
1,43,22,6,2,0,0,11,53,11,24
0,33,165,5,2,0,0,12,79,10,46
1,71,187,7,0,0,1,2,30,9,29
0,90,62,5,0,0,0,5,513,3,15
1,14,91,7,1,0,1,8,567,3,37
0,78,131,2,0,0,1,16,110,10,27
1,39,119,5,2,0,0,12,490,5,27
0,27,176,5,0,0,1,11,448,5,22
1,47,71,7,2,0,0,13,127,8,40
1,17,44,2,0,0,0,18,8,8,45
1,51,174,8,0,0,1,10,428,9,35
1,25,148,3,2,0,1,10,142,9,25
1,50,44,2,2,0,0,6,124,8,10
0,96,21,3,1,0,0,13,740,1,23
0,5,49,2,2,0,1,13,40,11,22
0,83,183,6,0,0,1,11,192,7,40
0,57,41,5,2,0,1,7,688,6,22
0,77,1,6,2,0,1,4,574,6,7
1,35,14,2,2,0,1,10,434,6,31
0,16,106,5,1,0,0,5,420,9,7
1,99,2,3,1,0,0,7,664,6,29
1,32,140,3,2,0,1,9,449,8,28
1,80,54,5,1,0,0,0,346,1,5
1,83,107,5,1,0,1,21,321,8,27
1,84,180,5,2,0,0,14,509,3,29
0,58,74,3,2,0,0,5,681,5,40
0,18,181,2,2,0,0,7,495,2,30
0,43,4,3,2,0,0,2,157,10,3
0,30,160,6,2,0,1,16,11,9,22
0,63,184,3,2,0,1,11,0,11,36
1,47,63,3,2,0,0,15,752,0,22
1,47,138,5,2,0,1,7,752,0,23
1,76,123,3,2,0,0,20,535,2,15
0,19,88,7,0,0,1,5,19,11,21
0,61,154,2,1,0,0,2,681,1,10
1,99,46,1,1,0,1,17,397,9,16
0,93,117,3,1,0,1,5,349,0,45
1,11,62,0,0,0,0,8,481,8,21
1,53,20,5,0,0,0,5,140,9,26
1,14,92,5,0,0,0,0,385,4,7
0,50,164,5,2,0,0,2,621,3,12
1,47,142,2,2,0,1,5,424,7,43
1,25,56,5,0,0,0,3,658,3,3
1,30,65,5,0,0,1,10,115,8,28
0,77,131,3,0,0,0,4,126,9,39
0,68,76,6,2,0,1,8,127,8,34
1,60,182,2,0,0,0,12,646,8,30
1,25,64,5,1,0,1,2,753,4,2
1,77,68,5,2,0,1,2,195,5,8
1,98,181,5,2,0,1,13,101,6,27
0,75,98,1,2,0,1,0,544,1,1
0,7,181,2,0,0,0,15,277,7,34
0,56,21,7,2,0,0,16,651,3,24
0,19,139,3,2,0,0,4,38,9,11
0,77,145,5,2,0,1,11,115,7,42
1,37,10,2,1,0,1,5,153,9,9
0,51,74,3,2,0,1,1,442,10,2
1,41,163,5,1,0,1,13,589,4,47
1,47,73,2,0,0,1,9,555,7,20
0,23,177,0,2,0,0,8,61,8,27
1,24,174,4,1,0,1,1,303,0,2
0,19,76,5,0,0,1,14,177,8,25
1,81,183,7,2,0,0,6,190,5,15
1,41,179,2,2,0,0,9,91,10,25
0,23,181,7,2,0,1,6,65,11,48
1,39,69,3,2,0,0,21,10,9,27
1,18,135,5,2,0,1,8,132,9,41
0,70,119,4,2,0,0,10,610,7,16
1,95,182,2,2,0,0,1,85,8,5
0,46,145,2,2,0,1,17,487,9,14
0,92,179,8,2,0,1,3,99,9,8
0,73,170,7,2,0,0,9,349,0,16
0,27,150,2,2,0,1,1,367,4,7
0,2,75,6,0,0,0,21,71,10,28
0,89,129,2,2,0,1,2,595,5,5
0,35,38,4,2,0,1,9,68,8,23
1,53,49,2,1,0,1,18,357,9,40
0,10,179,5,2,0,0,17,655,7,29
0,75,57,0,2,0,0,15,757,0,24
0,93,182,2,2,0,0,2,115,9,4
1,43,131,6,1,0,1,10,186,6,39
0,91,153,3,2,0,0,6,429,11,29
0,18,178,3,1,0,0,18,305,0,42
1,96,72,2,2,0,1,18,629,4,21
0,60,46,3,0,0,1,17,163,9,39
0,38,120,5,2,0,0,4,111,9,23
0,57,134,3,0,0,0,0,411,8,2
0,39,28,5,0,0,1,10,563,7,25
1,32,75,5,2,0,1,11,425,6,16
1,40,23,1,2,0,0,16,311,7,43
1,67,87,2,2,0,1,16,163,8,20
0,77,39,5,2,0,1,15,343,2,27
1,77,140,3,0,0,1,8,38,11,38
1,97,43,6,0,0,0,4,528,0,5
0,99,96,0,2,0,1,1,654,6,13
0,10,46,6,2,0,0,1,463,7,4
0,20,0,3,2,0,0,15,444,10,28
1,79,183,7,1,0,0,11,399,5,38
1,11,129,5,2,0,0,1,339,6,6
0,18,152,5,2,0,0,4,158,11,43
0,44,97,5,1,0,1,19,372,8,13
0,17,139,7,2,0,1,13,192,7,39
0,75,108,5,0,0,0,6,379,7,24
1,62,51,2,0,0,1,10,515,3,35
1,8,174,5,2,0,0,13,755,3,35
1,26,154,2,1,0,0,8,104,8,25
0,52,185,0,1,0,1,2,85,9,27
0,85,143,7,2,0,0,5,658,2,8
0,22,100,7,2,0,0,12,148,9,37
0,57,119,7,0,0,0,13,677,8,13
1,35,193,5,1,0,1,18,68,8,24
1,22,14,2,2,0,0,1,383,9,2
1,28,69,5,0,0,1,16,137,8,39
0,96,134,3,1,0,0,16,541,0,45
1,7,44,2,0,0,0,1,17,10,17
0,38,166,2,2,0,1,3,54,9,19
0,71,39,5,1,0,1,6,67,11,24
1,65,99,4,2,0,0,17,403,10,22
1,31,185,4,2,0,0,20,690,5,21
0,90,108,3,2,0,1,4,683,2,14
0,56,133,3,0,0,1,5,424,10,34
0,95,131,4,1,0,1,7,167,6,48
1,10,183,7,0,0,1,17,294,2,24
1,93,22,5,2,0,0,13,715,0,22
0,12,62,7,0,0,0,2,109,9,16
0,90,148,2,0,0,1,6,177,6,6
1,54,130,3,2,0,0,16,349,0,15
1,37,178,5,1,0,0,3,497,6,4
0,71,42,3,0,0,1,1,614,7,1
1,19,152,3,1,0,1,14,667,4,45
0,10,94,2,1,0,1,19,716,5,25
0,11,3,2,1,0,1,8,292,7,20
1,67,38,5,2,0,0,17,272,7,45
0,4,21,3,1,0,0,17,442,8,24
1,63,163,5,2,0,1,8,95,9,26
0,90,87,0,2,0,1,8,70,10,32
1,45,184,2,1,0,0,13,89,9,21
0,69,38,2,0,0,0,9,480,9,26
1,83,41,5,2,0,0,18,361,8,36
1,30,135,3,1,0,0,17,63,9,38
1,72,5,0,1,0,0,0,22,9,3
0,57,127,2,1,0,0,7,324,8,14
1,99,63,5,2,0,1,18,125,8,16
0,73,18,5,0,0,1,17,588,4,15
